n01479820_20 http://www.palaeos.com/Vertebrates/Units/050Thelodonti/Images/LoganelliaLife.jpg
n01479820_29 http://upload.wikimedia.org/wikipedia/commons/thumb/b/b3/Mesotriton_aplestris_side_view_chrischan.jpeg/250px-Mesotriton_aplestris_side_view_chrischan.jpeg
n01479820_55 http://imgsrc.baidu.com/baike/pic/item/787014550ec8c2d7b645ae42.jpg
n01479820_130 http://people.eku.edu/ritchisong/ichthyosaurs.gif
n01479820_204 http://tol.tolweb.org/tree/ToLimages/Micropterus_dolomieu8691C60.100a.jpg
n01479820_276 http://upload.wikimedia.org/wikipedia/commons/thumb/8/8b/Axolotl_1.jpg/250px-Axolotl_1.jpg
n01479820_342 http://img2.photographersdirect.com/img/19309/wm/pd2109476.jpg
n01479820_384 http://a1.att.hudong.com/86/38/01300000012339120771387179851.jpg
n01479820_454 http://img2.photographersdirect.com/img/19309/wm/pd2306886.jpg
n01479820_530 http://www.obs-vlfr.fr/Mam/images/especes%20benthiques/images/chimaera%20monstrosa.jpg
n01479820_544 http://grad.bio.uci.edu/ecoevo/aclark/ES_Feeding2.jpg
n01479820_571 http://mykkson.free.fr/arguyn/faune/Grahnoonrl.jpg
n01479820_760 http://www.news.com.au/common/imagedata/0,,6064830,00.jpg
n01479820_807 http://img2.photographersdirect.com/img/19309/wm/pd2029086.jpg
n01479820_827 http://www.freewebs.com/ichthyostega/dimetrodon.jpg
n01479820_828 http://english.cas.cn/uploadfiles/jpg/2009/3/26/95306.jpg
n01479820_905 http://www.sepaq.com/pq/mig/miguasha/mig-img/mig_diplacanthus-fmd_p.jpg
n01479820_980 http://www.ubio.org/portal/old/cache/fishbase/jpg/tn_Hyaff_u3.jpg
n01479820_1080 http://www.ucmp.berkeley.edu/vertebrates/sarco/lungfish1.jpg
n01479820_1092 http://www.mnhn.fr/arbre/images/photos/miniatures/mini5901-000038.jpg
n01479820_1153 http://www.akvariumas.net/duomenu_baze/zuvys/pictures/chitala_chitala.jpg
n01479820_1170 http://img2.photographersdirect.com/img/19309/wm/pd2109477.jpg
n01479820_1230 http://discover8.com/public/images/upload_article_images/20090326125542978.jpg
n01479820_1364 http://a2.att.hudong.com/48/40/01300000012339120771405922638_s.jpg
n01479820_1380 http://www.atlas.or.kr/donation/donation_files/DSCN0706.jpg
n01479820_1399 http://images.absoluteastronomy.com/images/encyclopediaimages/s/se/sea_lamprey_fish.jpg
n01479820_1518 http://learn.amnh.org/courses/images/sharks4.jpg
n01479820_1539 http://static.newworldencyclopedia.org/thumb/b/b4/Eptatretus_stoutii_heads.jpg/180px-Eptatretus_stoutii_heads.jpg
n01479820_1641 http://food.doh.gov.tw/Epaper/images/old/white20pomfret-e.jpg
n01479820_1660 http://tong.dxy.cn/upload/asset/2009/03/27/1237778806.jpg
n01479820_1711 http://www.cob.lu.se/phylogeny/Images/shark.jpg
n01479820_1835 http://www.hoxfulmonsters.com/wp-content/uploads/2009/03/2546159111_f2e1edcd04.jpg
n01479820_1838 http://61.153.216.116/jpkc/jpkc/scpspx/yljs.files/image060.jpg
n01479820_1856 http://a4.att.hudong.com/74/26/01300000172527121593268952852_s.jpg
n01479820_1940 http://www.cob.lu.se/phylogeny/Images/ray.jpg
