n10327143_15 http://magazine.wustl.edu/Winter04/images/pg28.jpg
n10327143_34 http://www.biocareers.co.za/userimages/NdikoLudidi.jpg?ma=1138631950750
n10327143_39 http://biology.ucok.edu/personalpages/bidlack/CellPhys/pictures/s2006/Jennifer.jpg
n10327143_84 http://static.guim.co.uk/sys-images/Guardian/Pix/pictures/2009/2/26/1235670581436/Jeni-Fordham-has-died-age-001.jpg
n10327143_208 http://www.admissions.mtu.edu/images/biochem_molecular_biology.jpg
n10327143_506 http://www.ars.usda.gov/is/graphics/photos/apr09/d1365-1i.jpg
n10327143_515 http://www.childrensmrc.org/uploadedImages/Research/Human_Molecular_Genetics/Jill%20Morris.jpg?n=9443
n10327143_600 http://www.ars.usda.gov/is/graphics/photos/oct06/k11802-1i.jpg
n10327143_601 http://mypersonaloptimizer.com/images/Gerhard_at_desk.jpg
n10327143_640 http://www.smith.edu/newssmith/NSFall00/images/williams.jpg
n10327143_684 http://i94.photobucket.com/albums/l100/kissinger65/rajalingam.jpg
n10327143_686 http://agnewsarchive.tamu.edu/dailynews/stories/BICH/photos/Apr2505a.jpg
n10327143_757 http://www.childrensmrc.org/images/upload/walterhouse-BenXu2.jpg
n10327143_776 http://www.ckua.org/innovationalberta/programs/program030/barclay.jpg
n10327143_840 http://www.biology.sbc.edu/faculty/RLDsm.jpg
n10327143_961 http://www.bu.edu/cms/www.bumc.bu.edu/cmbio/files/Images/confocl.jpg
n10327143_1104 http://www.princeton.edu/pr/pwb/07/0326/m/IF1.jpg
n10327143_1130 http://lugar.senate.gov/graphics/energy/patriots/02_nancy_ho.jpg
n10327143_1160 http://forte.fh-hagenberg.at/Project-homepages/maagys/img/ronacher400.jpg
n10327143_1198 http://sites.google.com/site/apostolicapologetics/_/rsrc/1234720459144/falsedilemma/1100924768.jpg
n10327143_1207 http://news.bbc.co.uk/media/images/46302000/jpg/_46302624_cesar_milstein.jpg
n10327143_1246 http://www.aston.ac.uk/images/lhs/staff/hineav/mo-1.jpg
n10327143_1254 http://www.swnewsherald.com/imageow/es/es0609-2fungus.jpg
n10327143_1276 http://newsletter.blogs.wesleyan.edu/files/2009/03/mindsinmotion2.jpg
n10327143_1330 http://www.sciencedaily.com/images/2007/04/070403134603.jpg
n10327143_1346 http://www.bgsu.edu/departments/biology/images/centers/cmbs/ameria.jpg
n10327143_1355 http://research.amnh.org/users/perkins/Former_Lab_Members_files/shapeimage_4.jpg
n10327143_1357 http://www.seacoasttech.com/biotechnology/images/bio10.jpg
n10327143_1363 http://www.mtu.edu/bio/images/BIO-CRR-cover.jpg
n10327143_1464 http://educationdiversity.files.wordpress.com/2009/08/marina1.jpg
n10327143_1520 http://discoverysedge.mayo.edu/di/de08-2-di-lee/images/de08-2-di-lee_001.jpg
n10327143_1560 http://www1.wfubmc.edu/NR/rdonlyres/014D1609-F30B-424D-8EED-2DE0EF029AA5/18373/image001_1702422885.jpg
n10327143_1563 http://www.ars.usda.gov/is/kids/plants/story5/scientists.jpg
n10327143_1564 http://healthyheart.bayeraspirin.com/images/side_imgs/incells.jpg
n10327143_1590 http://www.clarku.edu/activelearning/images/experienceacourse/sciences.jpg
n10327143_1626 http://vcs.abdn.ac.uk/prospectus/pgrad/images/staff_profiles/profile1.jpg
n10327143_1635 http://www.princeton.edu/~compub/pwb/05/0425/m/1a.jpg
n10327143_1662 http://static.flickr.com/3363/3177796279_13d3874d18.jpg
n10327143_1725 http://static.flickr.com/2316/2194125543_7a602f21af.jpg
n10327143_1740 http://video.alife.net.au/profiles/0029/alife_ah_still.png
n10327143_1751 http://www.astbury.leeds.ac.uk/ser4-web.jpg
n10327143_1827 http://www.epochbiolabs.com/Img/AA049516.jpg
n10327143_1889 http://www.ucsc.edu/news_events/img/2007/12/Ares_HHMI_lab-300.jpg
n10327143_1917 http://abpi-careers.org.uk/career-profiles/molecular-biology-industrial-placement/image_mini
n10327143_1935 http://publications.nigms.nih.gov/strategicplan/images/sewer_khalili.jpg
n10327143_1997 https://digamma.cs.unm.edu/wiki/pub/McogPublicWeb/PeopleJoanneMacdonald/Joanne.jpg
n10327143_2006 http://www.istockphoto.com/file_thumbview_approve/1966057/2/istockphoto_1966057-asian-lady-scientist.jpg
n10327143_2012 http://www.tufts.edu/sackler/cmdb/images/Fini-06a.jpg
n10327143_2039 http://www.panaceadiscovery.com/images/suresh1.jpg
n10327143_2074 http://www.epochbiolabs.com/Img/AA049547.jpg
n10327143_2097 http://www.careers.govt.nz/image/data/mt278008.jpg
n10327143_2118 http://www.orgsites.com/oh/creation/Macreadie,_Ian.jpg
n10327143_2193 http://www.biologicspd.com/Images/joanatscope400.jpg
n10327143_2216 http://www.ars.usda.gov/is/graphics/photos/aug08/d1188-18i.jpg
n10327143_2244 http://dvrnet.ors.od.nih.gov/images/lab1.gif
n10327143_2305 http://www.aston.ac.uk/images/lhs/staff/hineav/dave-1.jpg
n10327143_2357 http://vetmed.illinois.edu/vb/nihtox/images/avenel%20copy.gif
n10327143_2388 http://discovermagazine.com/2007/may/suspended-animation/roth_mouse.jpg
n10327143_2432 http://www.princeton.edu/pr/pwb/04/0905/m/6a.jpg
n10327143_2502 http://www.thebioenergysite.com/articles/contents/08-10-16Bio2.gif
n10327143_2536 http://pluswhitetv.com/images/hp-dr-shu-sm.jpg
n10327143_2557 http://www.princeton.edu/pr/pwb/05/1212/m/7IMG_2947YKang.jpg
n10327143_2563 http://www.udel.edu/PR/experts/images/kmiec.jpg
n10327143_2586 http://www.bumc.bu.edu/busm-bi/files/2009/05/vickery.jpg
