n10456696_60 http://www2.hum.uu.nl/nieuws/archief/badenochAlexander.jpg
n10456696_73 https://newsline.llnl.gov/_rev02/labNews/2009/jun/images/PostDocPoster_5.jpg
n10456696_107 http://www.mc.uky.edu/angiogenesis/images/sasha_bogdanovich.jpg
n10456696_142 http://www.mc.vanderbilt.edu/documents/cortezlab/images/CAL-hooded2.gif
n10456696_161 http://cas.umkc.edu/physics/kruger/group/kalita.jpg
n10456696_177 http://dev.viu.ca/communications/news/image/news/photos/2007/3/1116.jpg
n10456696_205 http://www.bentley.edu/arts-sciences-center/images/Christine-Williams-Scholars.jpg
n10456696_215 http://www.radonc.duke.edu/wysiwyg/images/ruby10.jpg
n10456696_263 http://www.csir.co.za/recruitment/images/postdoc.jpg
n10456696_297 http://mmi.missouri.edu/shuiye/hli.jpg
n10456696_394 http://www.utsi.edu/news/News_2006/photos2006/3postdoc1.jpg
n10456696_516 http://www.vet.utk.edu/reproduction/hance.jpg
n10456696_553 http://www.qmc.ufsc.br/qmcweb/artigos/theflash/theflash52_yongjae-lee-bg.jpg
n10456696_665 http://www.lancs.ac.uk/fass/centres/cemore/images/mobslab300.jpg
n10456696_733 http://www.cellularimaging.com/images/lab-of-month/lab_large_cullen.jpg
n10456696_809 http://cohesion.rice.edu/engineering/kortum/emplibrary/people_postdoc_VLeautaud.jpg
n10456696_812 http://sciencepark.mdanderson.org/content/edu/postdoc/JShort_lab_2003.jpg
n10456696_867 http://www.dukemedicine.org/Giving/recent_gifts/Goller%20Hartwell%20Fellowship/Goller_Seed.jpg/thumbnail_image?cachestamp=1271435969193
n10456696_933 http://www.dbi.udel.edu/newsitems2008/pictures/LisaWaidner.png
n10456696_1083 http://www.myscience.cc/image/db/menu_thumb_h150_4837.jpg
n10456696_1093 http://static.flickr.com/3507/3215451947_4547bb1096.jpg
n10456696_1202 http://research.berkeley.edu/haas_scholars/scholars/2007-2008/scholars/images/Arribere%20copy.jpg
n10456696_1237 https://www.liai.org/files/postdoc.jpg
n10456696_1303 http://www.cita.utoronto.ca/var/storage/images/news/tremaine_presents_tremaine_award_to_cita_postdoc_mike_nolta/11974-8-eng-GB/tremaine_presents_tremaine_award_to_cita_postdoc_mike_nolta_medium.jpg
n10456696_1455 http://www.fccc.edu/images/research/postdoc/postdoc2.jpg
n10456696_1641 http://www.mssm.edu/postdoc/images/P0000532.gif
n10456696_1682 http://research.newsbeat.co.za/images/award_02.jpg
n10456696_1740 http://www.thehartwellfoundation.org/images/investigators/2007/RajadhyakshaAnjali_w%20Postdoc_Cornell.jpg
n10456696_1991 http://www.niams.nih.gov/Research/Ongoing_Research/images/ab_images/irg_group_photo.jpg
n10456696_2013 http://news.wustl.edu/news/PublishingImages/7583.jpg
n10456696_2038 http://www.chp.edu/cs/Satellite?blobcol=urldata&amp;blobheader;=image%2Fjpeg&amp;blobkey;=id&amp;blobtable;=MungoBlobs&amp;blobwhere;=1209137816951&amp;ssbinary;=true&amp;eHA;_media_type=.jpg
n10456696_2101 https://www.columbuschildrens.com/GD/Templates/Pages/images/ResidentsFellowsContent/ResFellowsl/womaninclinic.jpg
n10456696_2296 http://bret.mc.vanderbilt.edu/postdoc/images/faculty_1.jpg
n10456696_2370 http://dbbs.wustl.edu/dbbs/website.nsf/6c18fc53358d390286256cde00604464/78574020fa2ec3a58625705100497abb/Body/20.2E34?OpenElement&amp;FieldElemFormat;=jpg
n10456696_2402 http://farm4.static.flickr.com/3191/3827429636_f737ca24d4.jpg
n10456696_2427 http://cmore.soest.hawaii.edu/images/Agouron_Students_in_Labcoats_200px.jpg
n10456696_2501 http://www.gsonet.org/images/Represent/amueller.JPG
n10456696_2512 http://pediatrics.stanford.edu/images/postdoc.jpg
n10456696_2698 http://www.unisi.it/fisica/dip/ric/liad/images/lab&amp;staff.JPG;
n10456696_2702 http://www.ece.unm.edu/photo-album/actt2005/Lab-Pictures_363.jpg
n10456696_2704 http://www.people.ku.edu/~erikl/labphotos/small/Miaomiao.jpg
n10456696_2821 http://w3.uniroma1.it/neurophys/images/aldo.jpg
n10456696_2845 http://libra.inp.demokritos.gr/Staff_pics/SFAshley_DemokritosBio.jpg
n10456696_2894 http://www.afcri.upenn.edu/research/postdoc.jpg
n10456696_2921 http://farm2.static.flickr.com/1361/733300156_3aade15f76.jpg
n10456696_3100 http://ki.se/content/1/c6/07/36/72/Martijn-Luijsterburg.jpg
n10456696_3118 http://people.oregonstate.edu/~mahmudt/images/current_group_member/DahaiZhang.JPG
n10456696_3150 http://www.cabellbrandcenter.org/Pictures/IMG_2738.JPG
n10456696_3187 http://web5.cns.utexas.edu/news/wp-content/uploads/2007/05/Krishche_2006_web.jpg
n10456696_3196 http://sciencepark.mdanderson.org/content/postgrad/postdoc/ruhee_white.jpg
n10456696_3281 http://longevity.stanford.edu/files/imagecache/article/files/Postdoc_0.jpg
n10456696_3389 http://static.globecampus.ca/uploads/blogs/JGardy_Blog.jpg
n10456696_3429 http://ckm.osu.edu/sitetool/sites/images/postdocpublic/Leone-bench-photo-(4274A).jpg
n10456696_3478 http://www.unmc.edu/postdoc2_Postdoc4.png
n10456696_3518 http://helleday.gmt.su.se/Stockholm_group_2.jpg
n10456696_3598 http://www.sci.ccny.cuny.edu/~kr107/index2/images/Christine_Seidl.jpg
n10456696_3753 http://www.ohsu.edu/research/rda/images/researcher.jpg
n10456696_3928 http://www.ucc.ie/en/abcrf/staff/postdocs/Image-68312-en.jpg
n10456696_3969 http://www.dentistry.uq.edu.au/images/pages/Shaneen_HongLien.JPG
n10456696_3981 http://publish.uwo.ca/~jmccorm8/Sergio.jpg
n10456696_3982 http://www.artsci.washington.edu/news/Summer00/photos/Palermo+Postdoc.JPG
n10456696_4015 http://faculty.washington.edu/jmmayer/mayer_group_website/kelly.jpg
n10456696_4034 http://www9.georgetown.edu/faculty/yyt/drxubolian.jpg
n10456696_4058 http://barbeaulab.ucsd.edu/images/kj_hertzberg.jpg
n10456696_4075 http://www.postdocs.columbia.edu/images/postdoc-sidepic.jpg
n10456696_4092 http://earth.geology.yale.edu/~reb29/pics/image004.jpg
n10456696_4137 http://www.dq.fct.unl.pt/qoa/MMBM.jpg
n10456696_4138 http://www.myscience.ch/modules/display_image.php?i=menu_4189
n10456696_4183 http://profile.ak.fbcdn.net/profile-ak-snc4/object2/322/2/n119327875929_3727.jpg
n10456696_4190 http://www.unr.edu/features/09-10/chemistry/images/mid1.jpg
n10456696_4223 http://news.stanford.edu/news/2009/december7/gifs/paper_hu_news.jpg
n10456696_4227 http://omrf.org/wp-content/uploads/2010/03/postdoc-frontpage1.jpg
n10456696_4256 http://static.howstuffworks.com/gif/postdoctoral-admissions-1.jpg
n10456696_4404 http://genetics.med.harvard.edu/~colaiaco/Photo_Sarit.jpg
n10456696_4454 http://phm.utoronto.ca/~rreilly/images/humphrey_fonge.png
n10456696_4472 http://www.nibr.novartis.com/images/Careers/internship_06_2.jpg
n10456696_4550 http://innovations.coe.berkeley.edu/vol3-issue3-mar09/resolveuid/d4c0b2aae3e3e379afe892d02788885f/image_preview
n10456696_4564 http://www.usc.edu/dept/gero/boa/images/experiment.jpg
n10456696_4596 http://depts.noctrl.edu/biochemistry/career/images/matt.jpg
n10456696_4609 http://www.sciencecentric.com/images/news/may_nyman_300_196.jpg
n10456696_4792 http://avm.ucsf.edu/faculty_staff/walker/espenlab1.jpg
n10456696_4883 http://www.scientificamerican.com/media/inline/blog/Image/Women-in-Science.jpg
n10456696_4906 http://www.scienceprogress.org/wp-content/uploads/2008/06/young_scientist_591.jpg
n10456696_4931 http://www.biology.ucr.edu/people/Maduro_Garland_Chappell_Rotenberry_16_June_2008_IMG_9379crop.jpg
n10456696_5109 http://community.wvu.edu/~xs007/picture/studentpicture/DWW.jpg
n10456696_5147 http://biomed.brown.edu/grad-postdoc/img/Wang_Lab2.jpg
n10456696_5157 http://www.uth.tmc.edu/postdocs/images/site/photo_home_page.jpg
n10456696_5183 http://people.bu.edu/jyang/index_files/image010.jpg
n10456696_5220 http://engineering.osu.edu/nie/nie783/images/_MG_8766_fmt.jpg
n10456696_5226 http://acore.ucdavis.edu/People/KatrinSept2006B.jpg
n10456696_5299 http://www.nrel.gov/basic_sciences/images/staff/yiyang_sun.jpg
n10456696_5313 http://viceprovost.tufts.edu/images/ovp_vp__53.jpg
n10456696_5381 http://salticidae.next-it.hu/images/mik2_1.gif
n10456696_5438 http://www.bgsu.edu/departments/chem/faculty/pavel/__Shin-ya.jpg
n10456696_5445 http://ryortho.com/images/5_6pic1.gif
n10456696_5541 http://ssl2.msstate.edu/dev/utils/image.php?content=highlightℑ=27
n10456696_5591 http://www.public.iastate.edu/~rodermel/labpage/picture10.JPG
n10456696_5682 http://www.europac-org.eu/images/niemczyk.jpg
n10456696_5755 http://www.che.ncku.edu.tw/FacultyWeb/ChangJS/photo/1213-02-1.jpg
n10456696_5772 http://www.homelandsecurity.org/bulletin/images/DHS_postdoc_Schoener.jpg
n10456696_5783 http://www.upenn.edu/pennnews/current/2005/100605/pennpix.jpg
n10456696_5802 http://www.cfa.harvard.edu/opportunities/fellowships/cfapost/fellows/seth2.jpg
n10456696_5839 http://www.cityofhope.org/PublishingImages/Profile%20Photos/Yazaki-Paul-160X190.jpg
n10456696_5864 http://www.di.uq.edu.au/images/spotlight/Sep09-Dr-Emma-Duncan.jpg
n10456696_5908 http://www.azonano.com/images/News/NewsImage_9665.jpg
n10456696_5920 http://www3.imperial.ac.uk/pls/portallive/docs/1/24391696.JPG
n10456696_5973 http://www.york.ac.uk/res/kleanthous/images/DS%20small.jpg
n10456696_6016 http://www.nottingham.ac.uk/Careers/Images-Multimedia/research.jpg
n10456696_6121 http://www.chem.siu.edu/images/Kinsel.jpg
n10456696_6228 http://medicine.osu.edu/postdoc/images/postdoc5.jpg
n10456696_6276 http://www.chem.gla.ac.uk/research/groups/wilson/groupO/images/King%20Derek.jpg
n10456696_6307 http://louisville.edu/uofltoday/images/jackis.jpg
n10456696_6316 http://postdocs.unc.edu/files/FPO-1.jpg
n10456696_6360 http://mark.asci.ncsu.edu/jodle/Odle%20Laboratory%20Personnel_files/image002.jpg
n10456696_6435 http://www.uea.ac.uk/polopoly_fs/1.103783!imageManager/2054608674.jpg
n10456696_6444 http://immunology.mc.duke.edu/wysiwyg/images/postdoc_016.jpg
n10456696_6472 http://www.netl.doe.gov/newsroom/labnotes/2007/06-2007/Matranga%20chemisorption%20analyzer%20nanocatalyst_sm.jpg
n10456696_6562 http://www.gazettenet.com/files/images/20100318-195932-pic-624202571.display.jpg
n10456696_6582 http://www.pharmtox.ku.edu/images/researchers/song.png
n10456696_6597 http://www.stanford.edu/~bayati/mohsen.jpg
n10456696_6672 http://farm4.static.flickr.com/3530/3242532236_cde1bc5071.jpg
n10456696_6675 http://www.eve.ucdavis.edu/kopplab/people/JOEL.jpg
n10456696_6710 http://scrippsnews.ucsd.edu/pressreleases/images/mt_4D4S3149.jpg
n10456696_6725 http://warsawfamilyeyecare.com/officewebsite/Cindy1.JPG
n10456696_6780 http://www.chbr.noaa.gov/categories/mb/images/TwinerMike.jpg
n10456696_6823 http://farm3.static.flickr.com/2587/4156927878_971492f71d.jpg
n10456696_6827 http://www.ageandcommunity.org/education/post_doctoral_fellowships.attachment/2008danely-color-for-web/2008Danely-color-for-web.jpg
n10456696_6846 http://www.pharmacology.uci.edu/images/re_lab/extra/hi_res/gee.jpg
n10456696_6847 http://www.lanl.gov/news/albums/events/Postdoc2_090507.sized.jpg
n10456696_6884 http://med.stanford.edu/anesthesia/images/fellowship.jpg
n10456696_6903 http://www.bgsu.edu/departments/chem/faculty/pavel/__Grigory.jpg
n10456696_6905 http://images.med.cornell.edu/body/dean/2007/11_05_07/postdoc1.jpg
n10456696_6937 http://shrp.umdnj.edu/rivers/personnel/bowlby.jpg
n10456696_7004 http://www3.bio.uu.nl/palaeo/people/Timme/timme72dpi.jpg
n10456696_7009 http://www.grad-college.iastate.edu/postdoc/images/Chemistry2.jpg
n10456696_7015 http://dt.asu.edu/image.php?id=242
n10456696_7129 http://farm4.static.flickr.com/3636/3335126178_59bf4b3a1d.jpg
n10456696_7161 http://info.med.yale.edu/mbb/sung/images/person2.jpg
n10456696_7162 http://mmi.missouri.edu/deyu/Weimin.jpg
n10456696_7227 http://www.ou.edu/engineering/nanotube/people/tan.gif
n10456696_7235 http://roweb.cityu.edu.hk/2005-2006/PIphotos/ctl/6465.jpg
n10456696_7254 http://monnatlab.gs.washington.edu/images/people/Li_Hui.jpg
n10456696_7274 http://sychen.com.nu/home/db/postdoc.jpg
n10456696_7291 http://www2.chemistry.msu.edu/faculty/huang/_images/_artists/june.jpg
n10456696_7310 http://www.stusoc.cf.ac.uk/suon/chemsoc/pages/pictures/membersgallery2003/images/04%20Ben%20Greedy%20-%20Postdoc%20Rep.jpg
n10456696_7332 http://www.nature.com/nature/journal/v441/n7089/images/441020a-i1.0.jpg
n10456696_7402 http://www.eci.co.in/images/velacha.gif
n10456696_7433 http://eng.sheba.co.il/sites/shebasuper/_media/mediabank/899_mb_file_82489.jpg
n10456696_7438 http://inbt.jhu.edu/images/newsimages/inbt-postdoc.jpg
n10456696_7469 http://casb.stanford.edu/postdoctoral/images/McQuade,%20Lindsey9.jpg
n10456696_7504 http://www.utsouthwestern.edu/vgn/images/portal/cit_1801/21/16/517821Web_Image_4.jpg
n10456696_7560 http://postdoc.lifesci.dundee.ac.uk/images/dfl/large/DSCF0197.JPG
n10456696_7592 http://lqma.ifas.ufl.edu/PHOTOS/TEAM/Carmen.jpg
n10456696_7649 http://open.salon.com/files/ap_britain_sperm_lab_090708_mn1247170847.jpg
n10456696_7650 http://www.bose.res.in/faculty/image/debashisgangopadhyay.JPG
n10456696_7685 http://www.dfci.harvard.edu/res/postdoctoral-training/images/researchers-in-lab.jpg
n10456696_7707 http://www.ucl.ac.uk/wibr/research/mito/sm/colombo/sergio.gif
n10456696_7711 http://stressandimmunity.osu.edu/Img/ContentImg/699%20cds.jpg
n10456696_7713 http://www.stanford.edu/~epsalon/alonphoto.jpg
n10456696_7752 http://research.stowers-institute.org/gertonlab/images/mma.jpg
n10456696_7764 http://www.laser.uvigo.es/Investigacion/Materiales/Miembros/Fotos/Fotoesther.JPEG
n10456696_7766 http://speed.gist.ac.kr/english/UserFiles/File/jbm(1).jpg
n10456696_7782 http://www.ucalgary.ca/oncampus/weekly/jan21-05/imbert-laurent.jpg
n10456696_7784 http://louisville.edu/org/sfn/images/2007-postdoc-winners.jpg
n10456696_7791 http://ddt.biochem.umn.edu/Images/TN.jpg
n10456696_7796 http://www.loe.ee.upatras.gr/English/images/Papandreou.jpg
n10456696_7799 http://www.nasa.gov/images/content/297500main_fuelcellmp3.jpg
n10456696_7801 http://www.jlab.org/news/OnTarget/2010/2010-03/malace.jpg
n10456696_7804 http://www.udel.edu/PR/UDaily/2009/jul/SimonStacey06lg.jpg
n10456696_7838 http://www.chemistry.nuim.ie/images/staff/muath.JPG
n10456696_7845 http://www.nervenet.org/people_images/dca.jpg
n10456696_7856 http://www.ncrr.nih.gov/clinical_research_resources/clinical_and_translational_science_awards/consortium_directory/images/San_Diego_2010-2.jpg
n10456696_7867 http://thumb15.shutterstock.com.edgesuite.net/display_pic_with_logo/93759/93759,1191187274,3/stock-photo-postdoc-5750023.jpg
n10456696_7883 http://www.physics.mq.edu.au/research/obis/images/members/bs2.jpg
n10456696_7885 http://www.pharmtox.pharm.ku.edu/images/faculty/shi_lab_final.jpg
n10456696_7892 http://sites.google.com/site/eugeniocapra/_/rsrc/1268757438438/home/Fototessera.jpg?height=200&amp;width;=105
n10456696_7906 http://www.umt.edu/urelations/rview/winter10/rau.jpg
n10456696_7924 http://www.karlin.mff.cuni.cz/~bradji/photo.jpg
n10456696_7945 http://www.cert.ucr.edu/personnel/photos/kanok.jpg
n10456696_7951 http://www.lanl.gov/news/albums/awards/Postdoc_070808.jpg
n10456696_7976 http://www.drexelmed.edu/Portals/0/AdminMilone/BioMed-0161.jpg
n10456696_7989 http://pcwww.liv.ac.uk/~philcox/phil.jpg
n10456696_7993 http://www.qub.ac.uk/research-centres/CentreforCancerResearchCellBiology/News/Archive/Image1optional,97902,en-1.JPG
n10456696_8044 http://www.ch.ic.ac.uk/barrett/img/post_doc/peter_hannen.jpg
n10456696_8045 http://bioprotection.org.nz/system/files/images/2004-07-14_alvin.jpg
n10456696_8046 http://people.ccmr.cornell.edu/~davidm/Pics/MC_pic.jpg
n10456696_8049 http://brocku.ca/webfm_send/4908
n10456696_8080 http://www.ucsf.edu/sciencecafe/images/stories/PNAS-peeps.jpg
n10456696_8098 http://static.flickr.com/141/327823511_1b75046087.jpg
n10456696_8116 http://www.psychologicalscience.org/redesign/wp-content/uploads/2010/05/todd_annika_use.jpg
n10456696_8144 http://www.aslo.org/mas/profiles/dgibson.jpg
n10456696_8158 http://www.files.chem.vt.edu/chem-dept/gibson/images/Adam%20Pederson.jpg
n10456696_8169 http://fpb.cwru.edu/Visitors/images/lrc_lab.jpg
n10456696_8177 http://www.brynmawr.edu/chemistry/images/faculty/goldsmith225.jpg
n10456696_8184 http://static.howstuffworks.com/gif/postdoctoral-aid-1.jpg
n10456696_8193 http://www.star-uci.org/wp-content/uploads/2010/04/DavidNguyen2_128x128.jpg
n10456696_8194 http://www.psyc.bbk.ac.uk/research/DNL/images/fiona.jpg
n10456696_8254 http://www.ems.psu.edu/~schlom/Group/grppics/wei.jpg
n10456696_8305 http://www.mbi.ucla.edu/PostdocAwards/2006_pix/thumbnails/16_Postdoc_Awards_May06_pix164_jpg.jpg
n10456696_8339 http://www.media.purdue.edu/php/resize.php?url=http://news.uns.purdue.edu/images/2010/varma-hydrogen.jpg&amp;width;=280
n10456696_8353 http://alzheimer.neurology.ucla.edu/TeamPHOTOS/EmilyRosario.jpg
n10456696_8401 http://www2.le.ac.uk/Members/crb5/crb5-images/crb-at-microscope2.jpg/image_preview
n10456696_8424 http://farm3.static.flickr.com/2582/3807952193_ea382ebaf3.jpg
n10456696_8428 http://rtcil.org/images/Carol%20Sella.JPG
n10456696_8480 http://image.shutterstock.com/display_pic_with_logo/93759/93759,1191187274,3/stock-photo-postdoc-5750023.jpg
n10456696_8621 http://www.tkk.fi/Units/Radio/homepages/Pictures/icheln.jpg
n10456696_8626 http://www.frandlab.com/wp-content/uploads/2008/04/Aimme-Palmitessa.jpg
n10456696_8839 http://www.rosettacommons.org/images/kortemmelab.jpg
n10456696_8859 http://www.exeter.ac.uk/media/universityofexeter/webteam/shared/postgraduate/topsliderimages/cerilewisandmussels.jpg
n10456696_8860 http://profile.ak.fbcdn.net/object3/66/48/n31623881772_6126.jpg
n10456696_8868 http://www.bcm.edu/cms_web/406//Samer.jpg
n10456696_8935 http://www.csb.uncw.edu/cbes/images/042707postdoc010.jpg
n10456696_9002 http://www.lmmc.uerj.br/images/Staff/Marcelo.JPG
n10456696_9011 http://www.medicine.uiowa.edu/physicaltherapy/labs/images/2008ShieldsLabPhoto.jpg
n10456696_9044 http://farm4.static.flickr.com/3634/3379394678_b95e8a6eab.jpg
n10456696_9094 http://neon.otago.ac.nz/research/sab/images/IMG_1846-BB-in-CFI-4Nov09.jpg
n10456696_9189 http://biology.ucsd.edu/labs/kay/images/Endo.jpg
n10456696_9192 http://www.ordwayresearch.org/images/img_postdoc2.jpg
n10456696_9252 http://www.uky.edu/Centers/Toxicology/member1.jpg
n10456696_9296 http://www.postdocs.columbia.edu/images/top_careerdev.jpg
n10456696_9320 http://www2.hull.ac.uk/science/images/remesan_v_v1.jpg
n10456696_9334 http://www.hos.ufl.edu/jkbweb/images/Lab%20Pictures/Former%20postdoc%20Dr%20Jiwon%20Jeong%20measuring%20fresh-cut%20cantaloupe%20color%20with%20chromameter.jpg
n10456696_9366 http://www.medschool.lsuhsc.edu/neuroscience/images/005_haydee_bazan.jpg
n10456696_9410 http://www.eng.uwo.ca/chemical/photos/y_medina.jpg
n10456696_9423 http://www.msri.org/specials/nsfpostdocs/05%2004%202009%20Hi-res%20postdoc%20photos%205_1_09%20_DSC1962.jpg
n10456696_9425 http://biomed.brown.edu/grad-postdoc/img/Niehaus_Lab3.jpg
n10456696_9464 http://vascularbiomed.iu.edu/images/kyle.JPG
n10456696_9546 http://www.biodesign.asu.edu/assets/onlinefolder/Image/MHK_Postdocs.jpg
n10456696_9566 http://cadlab.cs.ucla.edu/labalbum/postDoc99/pict.jpg
n10456696_9723 http://www.princeton.edu/pr/pwb/volume98/issue09/fellows/20080909_Fellow_10.jpg
n10456696_9794 http://www.princeton.edu/pr/pwb/05/1017/m/3aIMG_5467.jpg
n10456696_9881 http://community.wvu.edu/~xs007/picture/yfc.jpg
n10456696_9894 http://www.biw.kuleuven.be/lmt/vdt/staff/Staffpictures/sandyvb.JPG
n10456696_9898 http://www.hr.virginia.edu/scripts/timthumb/timthumb.php?src=/uploads/images/pages/Kevin_Janes_Lab_18_DA.jpg&amp;w;=274&amp;h;=200&amp;q;=100&amp;zc;=1
n10456696_9925 http://www.joslinresearch.org/postdocProgram/images/apply_1_200w.jpg
n10456696_9995 http://www.engin.umich.edu/dept/che/research/mooney/keunyonglab.jpg
n10456696_10012 http://www.jcu.edu.au/cgc/MillerSmiles.jpg
n10456696_10070 http://www.bio.psu.edu/people/photos/hug4.jpg
n10456696_10085 http://eureka.australianmuseum.net.au/images/StandardImage/Daniel_ODoherty.jpg
n10456696_10089 http://phm.utoronto.ca/~rreilly/images/andrew_green.png
n10456696_10092 http://www.it.usyd.edu.au/~niu/index.cgi?Homepage/me.jpg
n10456696_10114 http://www.uthscsa.edu/opa/issues/rat.jpg
n10456696_10131 http://seca.doe.gov/newsroom/labnotes/2008/02-2008/R%26D%20Group_sm.jpg
n10456696_10149 http://www.liv.ac.uk/%7Ekempsj/amandaoff.jpg
n10456696_10173 http://www3.uakron.edu/i2/Meritorious_Research/Researchers/Wayne_Mattice/mattice.jpg
n10456696_10317 http://microbiology.georgetown.edu/images/labs/CalderoneLab2010_1.png
n10456696_10391 http://www.ars.usda.gov/is/graphics/photos/jan10/d1557-3i.jpg
n10456696_10403 http://www.uwo.ca/anatomy/lalalab/images/lab_photo450.jpg
n10456696_10456 http://www.yorkshirecancerresearch.org.uk/images/image_library/Josie%20Meade_for%20web%20story.jpg
n10456696_10538 http://www.princeton.edu/pr/pwb/05/0425/m/1a.jpg
n10456696_10630 http://www.cidd.psu.edu/images/people_joo_portrait.jpg
n10456696_10711 http://scienceblogs.com/intersection/young_scientist.jpg
n10456696_10730 http://farm1.static.flickr.com/16/21518452_47d83f4218.jpg
n10456696_10787 http://www.utmem.edu/Mahato_Lab/images/Dr.Guofeng.JPG
n10456696_11019 http://mmi.missouri.edu/shuiye/pliu.jpg
n10456696_11068 http://postdocs.columbia.edu/images/top2.jpg
n10456696_11127 http://www.interridge.org/files/interridge/kawagucci_250.jpg
n10456696_11145 http://www.plantsciences.ucdavis.edu/yoder/lab/Photographs/Denneal_2002.jpg
n10456696_11204 http://www.pharmtox.pharm.ku.edu/images/labs/moise/moise_group.jpg
n10456696_11245 http://images.gizmag.com/hero/8643_14010850111.jpg
n10456696_11354 http://www.nasa.gov/images/content/173920main_CGBA-APS3.jpg
n10456696_11382 http://www.yaleobgyn.org/reproimmuno/directory/kogak.jpg
n10456696_11399 http://www.bcmsu.ac.in/rajesh.jpg
n10456696_11402 http://web.mit.edu/feelab/people/alexay_small.jpg
n10456696_11463 http://www.bme.utexas.edu/faculty/roy/images/fernandez02.JPG
n10456696_11464 http://www.frandlab.com/wp-content/uploads/2008/04/Vijaykumar-Meli.jpg
n10456696_11500 http://www.stanford.edu/dept/chemistry/events/images/center2.jpg
n10456696_11570 http://www.cop.ufl.edu/departments/mc/luesch/liuanka.jpg
n10456696_11604 http://www.drexelmed.edu/Portals/0/AdminMilone/BioMed-0138.jpg
n10456696_11615 http://www.cellularimaging.com/images/lab-of-month/lab_large_masamoto.jpg
n10456696_11624 http://www.dipartimentobiologia.it/imgresearch/fracassini_2.jpg
n10456696_11649 http://media.monster.com/dege/redaktion/postdoc.jpg
n10456696_11662 http://people.vanderbilt.edu/~shane.hutson/images/XiaoyanMaSmall.jpg
n10456696_11758 http://cache4.asset-cache.net/xc/53350030.jpg?v=1&amp;c;=IWSAsset&amp;k;=2&amp;d;=77BFBA49EF878921F7C3FC3F69D929FD0405F4A3FE4D0F1A58FC7EFDA6F2E438F0B65FAF9AF1B94CF06BF04B24B4128C
n10456696_11763 http://www.orsp.cmich.edu/images/research/3.0.17.1_Dunbar2.jpg
n10456696_11778 http://www.cssa-at-hms.org/wp-content/uploads/2007/10/img_0814_s.jpg
n10456696_11781 http://www.vhio.net/files/Image/DIRECTORIO_VHIO/GeneExpression.jpg
n10456696_11930 http://www.dockane.com/wp-content/uploads/2008/12/doc-with-camera-300x269.jpg
n10456696_11943 http://faculty.ucr.edu/~yadongy/Xiaogang-Han.jpg
n10456696_12004 http://avm.ucsf.edu/faculty_staff/hao/haoqi.jpg
n10456696_12080 http://www.liai.org/files/postdoc.jpg
n10456696_12093 http://medschool.mc.vanderbilt.edu/mentor/images/colleges.jpg
n10456696_12111 http://faculty.washington.edu/ktorii/JinSukSm.jpg
n10456696_12113 http://mm04.nasaimages.org/MediaManager/srvr?mediafile=/Size4/NVA2-14-NA/24574/ultrasonic_drill_1.jpg&amp;userid;=1&amp;username;=admin&amp;resolution;=4&amp;servertype;=JVA&amp;cid;=14&amp;iid;=NVA2&amp;vcid;=NA&amp;usergroup;=NASA_Jet_Propulsion_Laboratory_Collection-14-Admin&amp;profileid;=66
n10456696_12122 http://www.meddean.luc.edu/lumen/DeptWebs/microbio/Postdoc/Snawar.jpg
n10456696_12196 http://www.uoguelph.ca/atguelph/02-11-06/images/02-11-06postdoc.jpg
n10456696_12202 http://www.defibolivie2010.org/images/gregor_bolivie.jpg
n10456696_12217 http://www.st-andrews.ac.uk/~arche/members/photographs/recanati.jpg
n10456696_12270 http://www.microbiology.emory.edu/scott/Documents/people/BarbaraFroehlich.jpg
n10456696_12283 http://www.yale.edu/denglab/pictures/people/_OB&amp;OG;/yoshi.jpg
n10456696_12319 http://www1.duc.auburn.edu/academic/agriculture/fisheries/genomics/LabSiteImages/Jason.jpg
n10456696_12337 http://ucanr.org/blogs/roy_returns/blogfiles/828.jpg
n10456696_12431 http://surgery.uthscsa.edu/education/residencies/cv/chensteven.jpg
n10456696_12433 http://www.auburn.edu/academic/agriculture/fisheries/genomics/Ping.jpg
n10456696_12435 http://www.uib.no/imagearchive/produktbilde_K.Haugarvoll.jpg
n10456696_12610 http://cnup.neurobio.pitt.edu/photos/simons.jpg
n10456696_12714 http://nasa.orau.org/postdoc/images/profiles/09-wohl.jpg
n10456696_12782 http://www.physiology.uiowa.edu/website_images/postdoc.jpg
n10456696_12852 http://farm4.static.flickr.com/3548/3835499425_9f919df103.jpg
n10456696_12900 http://www.yale.edu/turklab/Turk_Lab/people_files/droppedImage.jpg
n10456696_12956 http://www.feinsteininstitute.org/cs/Satellite?blobcol=urldata&amp;blobheader;=image%2Fjpeg&amp;blobkey;=id&amp;blobtable;=MungoBlobs&amp;blobwhere;=1247089155161&amp;ssbinary;=true&amp;eHA;_media_type=.jpg
n10456696_12978 http://www.vetmed.wsu.edu/research_vcapp/images/faculty/SleepResearchers-GEG.jpg
n10456696_12995 http://www.somas.stonybrook.edu/~madl/Images/Resized/mark.jpg
n10456696_13015 http://www.fic.nih.gov/images/2010/ghm-rossenkhan.jpg
n10456696_13148 http://faculty.vetmed.ucdavis.edu/faculty/gclanzaro/lab/people/Yoosook_files/yoosook1-medium.jpg
n10456696_13278 http://www.academics.de/image-upload/postdoc_wege_forschung_3_standard.jpg
n10456696_13357 http://staff.rcost.unisannio.it/disanto/images/pino.jpg
n10456696_13358 http://farm1.static.flickr.com/35/112153648_6cba0f74bd.jpg
n10456696_13398 http://farm3.static.flickr.com/2541/3857798731_cf9d653d57.jpg
n10456696_13415 http://thumb15.shutterstock.com.edgesuite.net/photos/display_pic_with_logo/93759/93759,1190238266,1.jpg
n10456696_13420 http://www.pharmtox.pharm.ku.edu/images/researchers/lei.png
n10456696_13484 http://www.ucdmc.ucdavis.edu/pharmacology/includes/images/DiazLab/EDlabsm.jpg
n10456696_13497 http://lidarweb.ucsd.edu/coastalstudy/peoplepicts/liz_j.jpg
n10456696_13506 http://web.uvic.ca/ling/assets/images/staff/mingxiangmed.jpg
n10456696_13528 https://medschool.mc.vanderbilt.edu/mentor/images/guildline.jpg
n10456696_13532 http://bioinformatics.albany.edu/~cg594775/img/Lipika.jpg
n10456696_13590 http://chemgroups.ucdavis.edu/~mascal/images/DSC00177.JPG
n10456696_13602 http://www.today.ucla.edu/portal/ut/artwork/8/8/6/7/2/88672/RSP_8999-c.jpg
