n10517283_1 http://www.ville-ge.ch/mhng/hydrozoa/history/allman.jpg
n10517283_2 http://i3.ytimg.com/vi/JvB5yozQsmM/default.jpg
n10517283_15 http://www.biologicaldiversity.org/programs/climate_law_institute/advisory_board/images/pparenteau.jpg
n10517283_16 http://pmm.univ-rennes1.fr/fichiers/regis.jpg
n10517283_18 http://www.ox.ac.uk/gazette/1996-7/weekly/300197/news/pic_5.gif
n10517283_21 http://www.poge.ucl.ac.be/crecis/people/rcoeurderoy.jpg
n10517283_23 http://www2.envmed.rochester.edu/envmed/TOX/faculty/facpics/okeefe-sm.jpg
n10517283_25 http://fora.tv/media/thumbnails/2057_320_240.jpg
n10517283_42 http://www.closertotruth.com/images/participants-images/118.jpg
n10517283_48 http://pennhealth.com/providers/prov_photos/limoges_richard_2.jpg
n10517283_57 http://www.ox.ac.uk/images/maincolumn/5434_Widnall.jpg
n10517283_58 https://www.aodonline.org/aodonline-sqlimages/SHMS/Faculty/MullerEarl/Muller.jpg
n10517283_66 http://www.post-concrete.com/blog/pics/schiemer1.jpg
n10517283_72 http://www.universitystory.gla.ac.uk/images/UGSP00699_m.jpg
n10517283_75 http://www.abdn.ac.uk/philosophy/images/cameron.jpg
n10517283_76 http://qcvictoria.com/var/qcv/storage/images/media/images/people/steven_p_new/1613-1-eng-AU/steven_p_new.jpg
n10517283_78 http://www.lib.cam.ac.uk/Taylor-Schechter/GF/6/khan.jpeg
n10517283_79 http://www.wickedlocal.com/littleton/archive/x1237131119/g2582581fee9f8cc5ed8c05dfdbfb6513c7428ce28339da.jpg
n10517283_83 http://www.insead.edu/alumni/newsletter/March2007/images/JCLarrechephoto.jpg
n10517283_84 http://www.ed.ac.uk/polopoly_fs/1.2344!fileManager/kyung-seopark.jpg
n10517283_89 http://www.appcluster09.com/images/100588/2009_Images/Patrick_Vallance_resized.jpg
n10517283_91 http://qcpages.qc.edu/dramadance/bios/pics/repole1.jpg
n10517283_97 http://www.le.ac.uk/law/news/images/mykolas_romeris.jpg
n10517283_98 http://www.edinburghlectures.org/edinburghlectures/speakers/1blackmore/blackmore.png
n10517283_99 http://www.lawrence.edu/news/images/mayr_harting.jpg
n10517283_103 http://www.partycentral.com/impersonators/GWBush.jpg
n10517283_106 http://appl027.lsu.edu/acadaff/edcoweb.nsf/c80b430cd33e225e862568af001ac65b/6983909e320099f886257522005c9ab8/Body/307.2AA2?OpenElement&amp;FieldElemFormat;=jpg
n10517283_117 http://www.lib.cam.ac.uk/Taylor-Schechter/GF/37/gf37.klein.jpeg
n10517283_119 http://www.ihrc.ie/images/photos/Oct%2006/William-Binchy.jpg
n10517283_120 http://www.wittgen-cam.ac.uk/cgi-bin/text/graphics/2166
n10517283_130 http://www.tcd.ie/Law/IvanaBacik/Bacik.jpg
n10517283_132 http://www.ochjs.ac.uk/pics/staff/williamson.jpg
n10517283_134 http://websiterepository.ed.ac.uk/explore/people/honorary/images/06peters.jpg
n10517283_139 https://www.ups.edu/Images/Academics/Chemistry/FacultyStaff/burgard_big.jpg
n10517283_144 http://giornale.regione.marche.it/archivio/num0505/foto17cg.jpg
n10517283_145 http://www2.selu.edu/NewsEvents/PublicInfoOffice/bl-SLU_40Years_03.jpg
n10517283_147 http://www.gadygady.pl/foto/sklep/maxi/o%20nas/tn_joseph%20regius.jpg
n10517283_149 http://www.classics.cam.ac.uk/cms_misc/images/faculty/staff-photos/easterling.jpg
n10517283_154 http://sagan.fas.harvard.edu/cessite/img.php?i=146
n10517283_157 http://www18.georgetown.edu/data/images/faculty/726.jpg
n10517283_158 http://www1.uni-hamburg.de/benthos/Hauser.jpg
n10517283_160 http://www.historyliveconferences.net/images/RichardOvery.jpg
n10517283_166 http://www.gersi.umontreal.ca/uploads/gersi_members.image/stephen%20saideman_thumb.jpg
n10517283_167 http://www.astro.gla.ac.uk/people/people-data/john.jpg
n10517283_169 http://www.ochs.org.uk/images/faculty/kward.jpg
n10517283_174 http://www.cihr-irsc.gc.ca/images/jsegal.jpg
n10517283_176 http://www.churchtimes.co.uk/uploads/images/Canon%20Porter_OBIT%231%23.jpg
n10517283_177 http://www.cerc.gc.ca/images/selection/Bell4.jpg
n10517283_180 http://www.practicalethics.ox.ac.uk/Images/lachdec.gif
n10517283_182 http://www.re-imagining-ireland.org/_images/photos/bio_bourke_angela.jpg
n10517283_185 http://atlas-ccw.ifae.es/personal2004/jflix300200.gif
n10517283_186 http://www.admin.cam.ac.uk/news/resources/2007102305.jpeg
n10517283_188 http://www.monitorcliniciansconference2009.co.uk/jbell.gif
n10517283_189 http://farm1.static.flickr.com/121/374404633_aa8e68a7ff.jpg
n10517283_195 http://www.re-imagining-ireland.org/_images/photos/bio_foster_roy.jpg
n10517283_198 https://www.sdresources.org/photos/miller.jpg
n10517283_210 http://www.lksf.org/image/media/photo/education/hku/20050518a.jpg
n10517283_213 http://www.cimr.cam.ac.uk/images/study/cimr/sissons_200.jpg
n10517283_222 http://www.usyd.edu.au/alumni/images/content/news/2006/july/quentin_skinner.jpg
n10517283_223 http://www.templeton-cambridge.org/speakers/img/lipton.jpg
n10517283_237 http://www.universitystory.gla.ac.uk/images/UGSP00902_m.jpg
n10517283_238 http://www.wpi.edu/Images/CMS/ME/norton.jpg
n10517283_239 http://www.sistemadifusoraderadio.com.br/controle/figuras/b01f908bc7e8d36e6fd7c86aee80b19d.jpg
n10517283_240 http://www.falw.vu.nl/nl/Images/c-kroo_tcm19-58049.jpg
n10517283_245 http://www.ssho.ox.ac.uk/media/benson_new.jpg
n10517283_247 http://static.flickr.com/3286/2986934293_aebe27b6fc.jpg
n10517283_256 http://img.ifeng.com/hres/200907/19/09/7524fe0caa2b5c42207c292bbcf69e12.jpg
n10517283_271 http://www.irishhumanrightscommission.ie/images/photos/Binchy.jpg
n10517283_272 http://www.franciscan.edu/imagebase/Presents/DocID247/DrMartin02.jpg
n10517283_275 http://www.comedy.org.uk/images/library/people/180x200/d/dirk_gently_professor_chronotis.jpg
n10517283_276 http://academic.regis.edu/cat/socialbusiness/0227%20mike.jpg
n10517283_278 http://www.a-star.edu.sg/person/photo/20/feridmurad.JPG?1206117338
n10517283_279 http://imgsrc.baidu.com/baike/pic/item/3853ad1b1834b50f8618bfd9.jpg
n10517283_289 http://www.trinity.unimelb.edu.au/news/pics/2003/kward.jpg
n10517283_290 http://www.greyc.ensicaen.fr/~regis/icons/photo.png
n10517283_291 http://www.wwu.edu/wrrcea/Wlodkowski__files/Untitled-1.jpg
n10517283_293 http://www.chelmsford.anglican.org/assets/docs/images/news/ford.jpg
n10517283_296 http://www.indiaempire.com/v1/2009/February/images/prof_chetty1.jpg
n10517283_303 http://podblanc.com/files/41658.jpg
n10517283_307 http://www.science.fau.edu/chemistry/2008faculty/2009picture_for_faculty_staff/mari2009_w163.jpg
n10517283_310 http://www.legaldaily.com.cn/images/2008-05/04/xin_0805050408265312171316.jpg
n10517283_317 http://www.victorianweb.org/science/health/lister1a.jpg
n10517283_321 http://www.journal-online.co.uk/media/images/5050/5050_thumb.jpg
n10517283_332 http://www.lib.cam.ac.uk/Taylor-Schechter/GF/37/gf37.fenton.s.jpeg
n10517283_342 http://andygoodliff.typepad.com/my_weblog/images/2007/09/11/biggar_nigel.jpg
n10517283_345 http://khs-net.kingsbury.brent.sch.uk/kingsburians/famous/Peter%20Alan%20Sweet.gif
n10517283_355 http://www.all-souls.ox.ac.uk/people_images/00065.jpg
n10517283_360 http://www.gla.ac.uk/media/media_46959_en.jpg
n10517283_366 http://www.yalealumnimagazine.com/issues/03_11/images/adams.gif
n10517283_367 http://blog.pennlive.com/thrive/2007/12/large_greatdebaters.jpg
n10517283_369 http://www.americanrhodes.org/assets/images/79.jpeg
n10517283_373 http://www.admin.cam.ac.uk/news/resources/2004011902.jpeg
n10517283_380 http://www.lgcm.org.uk/fhthrconference2009/spk-mma.jpg
n10517283_384 http://www.wcu.edu/WebGraphics/graham-web.jpg
n10517283_397 http://www.gla.ac.uk/media/media_77099_en.jpg
n10517283_398 http://webapps.jhu.edu/jhuniverse/information_about_hopkins/about_jhu/chronology/images/reed.gif
n10517283_401 http://www.regiscollege.ca/images/pic1.jpg
n10517283_402 http://www.regiscollege.ca/files/images/Regis%20Berkman%20Photo.jpg
n10517283_403 http://www.biomedex.co.uk/SAC/06/images/ken_macintosh-06-08-18.jpg
n10517283_406 http://academic.regis.edu/cat/socialbusiness/Catharyn%20Baird%20Pic.jpg
n10517283_407 http://www.ptsem.edu/Inaugural/images/roundone/1IainTorrance.jpg
n10517283_413 http://www.a-star.edu.sg/person/photo/31/patrick.JPG?1206117338
n10517283_416 http://www.rsc.org/ej/CC/2009/b821336d/b821336d-p1.gif
n10517283_422 http://www.bc.edu/schools/cas/theology/meta-elements/jpg/hinsdale.jpg
n10517283_424 http://www.history.ac.uk/makinghistory/resources/interviews/images/profile/Howard_Michael.JPG
n10517283_434 http://www.welt.de/multimedia/archive/00611/So_ist_Paris_Regiss_611550g.jpg
n10517283_444 http://sagan.fas.harvard.edu/cessite/img.php?i=240
n10517283_449 http://www.qmul.ac.uk/postgraduate/hss/images/skinner.jpg
n10517283_450 http://hestia.classics.ox.ac.uk/images/content/cPelling.jpg
n10517283_466 http://www.uu.edu/personal/bnance/bnancenew2.jpg
n10517283_472 http://www1.law.columbia.edu/ipimages/Communications/waxman1.jpg
n10517283_473 http://www.churchtimes.co.uk/uploads/images/2Miserable%231%23.jpg
n10517283_476 http://www.bbk.ac.uk/artsweek/images/patrick_keiller.jpg
n10517283_477 http://www.northwestu.edu/media/photos/galleries/standard/070222regius_0895.jpg
n10517283_484 http://www.medsci.ox.ac.uk/oma/newsitems/ndsprof08/image_thumb
n10517283_489 http://www.modchurchunion.org/Events/Conference/2009/Images/GaryDorrien.jpg
n10517283_491 http://buscatextual.cnpq.br/buscatextual/servletrecuperafoto?id=E457708
n10517283_497 http://www.mcdonald.ox.ac.uk/images/bWannenwetsch.jpg
n10517283_501 http://www.notredamecollege.edu/NDToday/Spring09/images/Graduation09/ProfessorsWalkingToGraduation.jpg
n10517283_514 http://regis.skh.org.tw/apply/PHOTO/hsu.jpg
n10517283_518 http://rpw.chem.ox.ac.uk/Lee_Readers/Lee/Lee8.jpg
n10517283_520 http://www.hacac.org/activities/lef2.jpg
n10517283_530 http://artandcommitment.umn.edu/images/yudiceBIG.jpg
n10517283_531 http://www.gersi.umontreal.ca/uploads/gersi_members.image/DSC03607_thumb.JPG
n10517283_543 http://www.stanfordwomen.org/images/pix-adamson%20highlight.jpg
n10517283_546 http://www.etsu.edu/physics/Images/randy_keeling.jpg
n10517283_551 http://www.cartaforense.com.br/img/autor/387.jpg
n10517283_564 http://www.oriel.ox.ac.uk/images/Image/people/JohnArmour.jpg
n10517283_568 http://www.weltgesundheitstag.de/images/2009_Registrierung.jpg
n10517283_570 http://www.ibf.org.sg/media/events/34AGM/images/Useem.jpg
n10517283_571 http://images.nciku.cn/sourcing_images/19/thumb/19381_getty_20080128162533.jpg
n10517283_575 http://img.blog.163.com/photo/WzToj4mTrCzP2AO0xSUSTA==/5136073900039746609.jpg
n10517283_577 http://www.friearndt.com/images/08-bob.jpg
n10517283_580 http://img.blog.163.com/photo/JFL0KLtrozJvw-EtlQXZkg==/3949656873204417842.jpg
n10517283_582 http://www.bible-researcher.com/schaff.jpg
n10517283_583 http://www.anglicancommunion.org/images/acns/3700/3745oxfordcanon.jpg
n10517283_588 http://www.tristate.edu/arts&amp;sciences;/mat/images/carver.jpg
n10517283_599 http://www.abdn.ac.uk/molecularoncology/Old%20Stuff/hutchison.jpg
n10517283_600 http://www.hier-krabbelts.de/images/Kraatz.jpg
n10517283_608 http://www.greenbelt.org.uk/system/images/uploads/artists/david-ford-web.jpg
n10517283_612 http://cet.berkeley.edu/images/kelly.jpg
n10517283_633 http://www.stmarys.edu/images/deluol_port_lg.jpg
n10517283_637 http://www.stthomas.edu/law/images/faculty/Delahunty.jpg
n10517283_643 http://digest.stjohns.edu/media/1/1d9b44155a974567bfe775522106a6ad.jpg
n10517283_646 http://www.york.ac.uk/admin/presspr/pressreleases/igreer.jpg
n10517283_657 http://www.droit.ulg.ac.be/img/photo/u015254.jpg
n10517283_662 http://www.universitystory.gla.ac.uk/images/UGSP00784_m.jpg
n10517283_670 http://idw-online.de/pages/de/newsimage?id=74003&amp;size;=thumbnail
n10517283_671 http://www.phy.cam.ac.uk/people/peoplepictures/longairm_1000.jpg
n10517283_681 http://www.a-star.edu.sg/uploads/Image/A_Star_4138.jpg
n10517283_682 http://artandcommitment.umn.edu/images/schmidtcampbellBIG.jpg
n10517283_688 http://www.mayo.edu/library/mayohall/stock/osler.jpg
n10517283_693 http://www.northwestu.edu/media/photos/standard/070222regius_0893.jpg
n10517283_695 http://www.universitystory.gla.ac.uk/images/UGSP00065_m.jpg
n10517283_696 http://www.agci.org/dB/ScientistPhotos/SBennet_crop_small.jpg
n10517283_706 http://upload.wikimedia.org/wikipedia/commons/thumb/c/ce/Bryce.jpg/250px-Bryce.jpg
n10517283_708 http://www.clarehall.cam.ac.uk/typo3temp/pics/b71f042e36.jpg
n10517283_711 http://www.universitystory.gla.ac.uk/images/UGSP00223_m.jpg
n10517283_712 http://farm3.static.flickr.com/2769/4265524143_9478b219fc.jpg
n10517283_713 http://www.film1.nl/images/plaatjes/53100.jpg
n10517283_719 http://www.tcd.ie/iiis/pages/events/institutions_development_clip_image026.jpg
n10517283_724 http://www.blackwellpublishing.com/products/journals/aag/AAG_June05/figs/aag_46340_f2.gif
n10517283_725 http://www.ualberta.ca/~stjoseph/images/staffpics/penna.jpg
n10517283_728 http://www.studiesirishreview.ie/jgfx/images/middle/keith_ward.jpg
n10517283_729 http://www.abdn.ac.uk/mediareleases/uploads/media/SteveRed_3.jpg
n10517283_732 http://coloradoradio.com/wp-content/uploads/2009/04/christopher-bollinger.jpg
n10517283_733 http://www.salvationisfromthejews.com/roys.jpg
n10517283_736 http://media.collegepublisher.com/media/paper943/stills/44182ba60e116-62-1.jpg
n10517283_740 http://www.sallyrobinson.com.au/assets/Keith-Peters-2.jpg
n10517283_741 http://www.law.ed.ac.uk/cls/images/neilwalker.jpg
n10517283_745 http://www.manresa-canada.ca/mcardle.jpg
n10517283_749 http://www.mcdaniel.edu/mangan07.jpg
n10517283_756 http://www.electricscotland.com/history/mckelvie/images/neilmac.jpg
n10517283_759 http://www.history.ac.uk/makinghistory/resources/interviews/images/profile/Brooke_Christopher.jpg
n10517283_769 http://www.regis.edu/content/apg/images/sunnyJ3.jpg
n10517283_773 http://www.squire.law.cam.ac.uk/Image/eminent_scholars/thumb_koskenniemi.jpg
n10517283_784 http://www.oxfordtimes.co.uk/resources/images/964062/?type=display
n10517283_788 http://nocasinoerie.org/images/murray.jpg
n10517283_789 http://www.ox.ac.uk/images/maincolumn/434_CancerMcKenna.jpg
n10517283_792 http://tribunadonorte.com.br/noticias/fotos/41396.jpg
n10517283_796 http://www.evangel.edu/IDWorksPictures/SandersB.jpg
n10517283_824 http://www.acmedsci.ac.uk/images/page/119280390131.jpg
n10517283_831 http://www.ox.ac.uk/images/maincolumn/798_Rory_Collins_Picture.jpg
n10517283_837 http://www.essq.rcsed.ac.uk/Portals/_surg-sci/images/default/prof_garden.jpg
n10517283_839 http://ftp.roe.ac.uk/ifa/people/al.jpg
n10517283_847 http://www.erp.ac.uk/news_erpem_image2.jpg
n10517283_851 http://www.fits.edu.br/noticias/imgs/not218/DSCN0154_red.jpg
n10517283_859 http://www.biology.au.dk/images/tobias.wang.jpg
n10517283_870 http://remember.snp.org/images/uploads/apps/photos/450a279170c10ce7c401f99089e2442f-Richard_Thomson3.jpg
n10517283_884 http://www.abdn.ac.uk/staffpages/uploads/ort046/41005697.JPG
n10517283_893 http://www.hcc.commnet.edu/dir/faculty/pages/photo/PKeenan.jpg
n10517283_896 http://www.sante.uottawa.ca/images/38%20R.%20Fore.JPG
n10517283_899 http://www.gla.ac.uk/media/media_122546_en.jpg
n10517283_902 http://sagan.fas.harvard.edu/cessite/img.php?i=273
n10517283_904 http://sagan.fas.harvard.edu/cessite/img.php?i=275
n10517283_914 http://wpcontent.answers.com/wikipedia/commons/thumb/0/02/MarilynMcCordAdams20060625.jpg/180px-MarilynMcCordAdams20060625.jpg
n10517283_929 http://depts.uwc.edu/music/images/De%20Lyser.jpg
n10517283_940 http://www.mme.uwaterloo.ca/images/staffphotos/121_LauraJ_Turbini.jpg
n10517283_942 http://www.jncc.gov.uk/images/nn12_dingram.jpg
n10517283_943 http://www.lib.cam.ac.uk/Taylor-Schechter/GF/37/gf37.fried-mac.s.jpeg
n10517283_958 http://utenti.lycos.it/Palazzoimm/Regista.jpg
n10517283_967 http://www.monitorcliniciansconference2009.co.uk/RHarris.gif
n10517283_971 http://www.ochjs.ac.uk/pics/staff/goodman.jpg
n10517283_976 http://www.abdn.ac.uk/~nhi708/images/priede.jpg
n10517283_979 http://www.riverapes.com/images/Hardy2.jpg
n10517283_1001 http://www.dlikarish.com/images/dan.jpg
n10517283_1004 http://www.preteristarchive.com/ARTchive/portraits/mp/lee_crop.jpg
n10517283_1005 http://www.archbishopofcanterbury.org/media/image/t/s/prof-henry-chadwick_copyright-Cambridge-University_large.jpg
n10517283_1007 http://www.universitystory.gla.ac.uk/images/UGSP00863_m.jpg
n10517283_1019 http://www.urmc.rochester.edu/pr/vitalsigns/images/Okeefe_Regis.jpg
n10517283_1044 http://www.universitystory.gla.ac.uk/images/UGSP00770_m.jpg
n10517283_1052 http://www.zondervan.com/images/contributor/medium/bartholomewc.jpg
n10517283_1057 https://www.vermontlaw.edu/images/photos/FinalCroppedImages/Faculty%20Detail%20Images/Parenteau_Full.jpg
n10517283_1066 http://www.centrobiotecnologia.cl/en/images/stories/QuienesSomos/staff/investigadores/MatildeUribe.jpg
n10517283_1067 http://www.practicalethics.ox.ac.uk/Images/BillFulford_web.JPG
n10517283_1069 http://www.templetonpress.org/authors/Keith_Ward.jpg
n10517283_1075 http://www.closertotruth.com/images/participants-images/6.jpg
n10517283_1084 http://surgery.uc.edu/cvstat/images/Dorlac-Warren_000.jpg
n10517283_1093 http://academic.regis.edu/bcrawfor/compyso/images/faculty/FrJoeH1.jpg
n10517283_1095 http://www.caths.cam.ac.uk/assets/uploadedimages/staffphotos/rpg.jpg
n10517283_1096 http://www.history.ac.uk/makinghistory/resources/interviews/images/gallery/Daunton_Martin.jpg
n10517283_1110 http://i139.photobucket.com/albums/q305/afguypr/Autores%20y%20Libros/RichardDawkins1.jpg
n10517283_1112 http://gjsmithjd.googlepages.com/GJSPhoto00510-22-2007Web.jpg/GJSPhoto00510-22-2007Web-medium;init:.jpg
n10517283_1114 http://www.wwcc.wy.edu/academics/pscnce/images/gardner1.jpg
n10517283_1115 http://img.blshe.com/resserver.php?blogId=38&amp;resource;=193634-w1%5B1%5D.jpg&amp;mode;=medium
n10517283_1116 http://www.regisuniversity.org/images/home/corrie_alt.jpg
n10517283_1117 https://www.uea.ac.uk/polopoly_fs/1.115623!imageManager/2940496931.gif
n10517283_1134 http://i4.ytimg.com/vi/OqdXnzx3KmQ/default.jpg
n10517283_1135 https://www.uea.ac.uk/polopoly_fs/1.115624!imageManager/2465628809.gif
n10517283_1142 http://www.law.ed.ac.uk/visitors/images/neil4.jpg
n10517283_1145 http://www.sant.ox.ac.uk/news/images/shue.jpg
n10517283_1154 http://lmso.insa-lyon.fr/Photos/484.jpg
n10517283_1157 http://www.katinkahesselink.net/blavatsky/cw_img/13_08.jpg
n10517283_1161 http://atlas-ccw.ifae.es/personal2004/enrique300200.gif
n10517283_1164 http://www.centrobiotecnologia.cl/en/images/stories/QuienesSomos/staff/investigadores/RegisTeixeira.jpg
n10517283_1171 http://whoville.ucsd.edu/bob/rec.jpg
n10517283_1172 http://www.physoc.org/publications/pn/issueimages/54/hires/006.jpg
n10517283_1178 http://www.aquinasphilosophy.com/FrWoodbury-2.jpg
n10517283_1195 http://www.courdesse.ch/downloads/regis_courdesse_3024.jpg
n10517283_1197 http://www.johncbrown.org/John_small_final2.jpg
n10517283_1202 http://www.practicalethics.ox.ac.uk/Images/wsa.JPG
n10517283_1204 http://www.universitystory.gla.ac.uk/images/UGSP00622_m.jpg
n10517283_1205 http://www.abdn.ac.uk/~phy050/ogston.jpg
n10517283_1206 http://www.eng.gla.ac.uk/images/jhancock.jpg
n10517283_1207 https://www.metrohealth.org/images/Patient%20Services/pulmonary/mcfadden.jpg
n10517283_1229 http://ep.yimg.com/ip/I/yhst-23951345135210_2059_15605336
n10517283_1231 http://www.geo.ed.ac.uk/scotgaz/images/p3961.jpg
n10517283_1235 http://www.gla.ac.uk:443/newsletter/230/html/photos/cifa.jpg
n10517283_1279 http://www.roehampton.ac.uk/communicate/images/quentinskinner.jpg
n10517283_1285 http://mcl.znufe.edu.cn/UploadFiles/Article2/2009/4/200904151641332817.jpg
n10517283_1287 http://www.cardiff.ac.uk/about/whoswho/image-7447-web.jpg
n10517283_1318 http://www.meadowlarkmontessori.citymax.com/i/Faculty/tn_Dr_Ed.jpg
n10517283_1332 http://213.155.72.42/bilder/1293-2.jpg
n10517283_1341 http://www.geos.ed.ac.uk/public/john_playfair.jpg
n10517283_1346 http://rbg-web2.rbge.org.uk/willow/Images/Research%20Team/DRWalters2.jpg
n10517283_1354 http://www.tcd.ie/provost/images/f_sadier_lrg.jpg
n10517283_1355 http://www.walterscott.lib.ed.ac.uk/etexts/etexts/images/grierson.jpg
n10517283_1358 http://www.independent.co.uk/multimedia/archive/00166/Pg-33-MacCormick_166429t.jpg
n10517283_1365 http://www.peacejusticestudies.org/files/b0bb7a612de4e3327641026128d0dfe3.gif
n10517283_1366 http://www.twmu.ac.jp/LAB/images/ishikawa.jpg
n10517283_1372 http://newsimg.bbc.co.uk/media/images/45638000/jpg/_45638181_neil_maccormick_226.jpg
n10517283_1383 http://websiterepository.ed.ac.uk/explore/av/images/enlight_maccormick.jpg
n10517283_1389 http://www.pbs.org/wnet/religionandethics/week1106/pics/p_feature_ford.jpg
n10517283_1391 http://www.tcd.ie/Law/WilliamBinchy/Binchy.jpg
n10517283_1413 http://www.nature.com/bdj/journal/v199/n3/thumbs/4812578-f1.jpg
n10517283_1450 http://www.canceractive.com/images/richard_doll_1.jpg
n10517283_1458 http://www.studentbmj.com/back_issues/0204/careers/images/view_5.jpg
n10517283_1469 http://biochemistry.toronto.edu/news/news_archive/news_2005/images/suz_25yr.jpg
n10517283_1475 http://img.youtube.com/vi/-0rY78EQ2B4/0.jpg
n10517283_1482 http://media.collegepublisher.com/media/paper973/stills/458c0m48.jpg
n10517283_1489 http://www.marinetheatre.com/images/clip_image002_005.jpg
n10517283_1493 http://www.universitystory.gla.ac.uk/images/UGSP00577_m.jpg
n10517283_1508 https://www.urmc.rochester.edu/ecv_binary/faculty/generated/profile_web/3318.jpg
n10517283_1510 http://www.news.harvard.edu/gazette/2005/06.09/photos/skinner.jpg
n10517283_1530 http://www.baylor.edu/Humeandcritics/images/graham.jpg
n10517283_1535 http://www.quns.cam.ac.uk/Queens/Record/2002/Images/thomae.jpg
n10517283_1546 http://www.ox.ac.uk/images/maincolumn/433_CancerKerr.jpg
n10517283_1548 http://farm2.static.flickr.com/1314/962712027_557c28e6d4.jpg
n10517283_1563 http://www.universitystory.gla.ac.uk/images/UGSP00870_s.jpg
n10517283_1624 http://www.balliol.ox.ac.uk/history/masters/jowett.jpg
n10517283_1626 http://www.liu.edu/cwis/cwp/pr/press/2003/img/david_court.jpg
n10517283_1628 http://www.medsci.ox.ac.uk/oma/councilmembership/JewellDerekweb.jpeg
n10517283_1629 http://www.universitystory.gla.ac.uk/images/UGSP00623_m.jpg
n10517283_1635 http://www2.yorksj.ac.uk/apps/_Uploads/Image_Lib/DisplayImage.asp?resource_ID=30848&amp;meth;=t&amp;dims;=both&amp;h;=0&amp;w;=211
n10517283_1645 http://www.anthonyflood.com/Lord_Acton.jpg
n10517283_1653 http://www.all-souls.ox.ac.uk/people_images/00150.jpg
n10517283_1655 http://www.naal-liturgy.org/images/memorials/duffy.jpg
n10517283_1662 http://www.oxfordradcliffe.nhs.uk/obrc/brcimages/Adrianweb.jpg
n10517283_1669 https://www.uea.ac.uk/polopoly_fs/1.115622!imageManager/403888085.gif
n10517283_1671 http://www.stmellituscollege.org.uk/files/stmellitus/images/Keith%20Ward.thumbnail.jpg
n10517283_1680 http://www.rhs.org.uk/NR/rdonlyres/A4C8846E-5324-409B-A54B-8653855325D1/0/CliveBrasier.jpg
n10517283_1689 http://www.farnhamians.org/ofa/Prof_Rees.JPG
n10517283_1691 http://www.ias.edu/midcom-serveattachmentguid-95538f6509941e13483a62f3defb0606/Varnedoe.png
n10517283_1693 http://www.regiscollege.ca/files/images/baum1.jpg
n10517283_1694 http://files.ajgoddard.webnode.com/system_preview_small_200000059-515bc52556/odonovan_s.jpg
n10517283_1696 http://news3.xinhuanet.com/book/2005-03/19/xinsrc_3020302191121671330618.jpg
n10517283_1698 http://www.ufmg.br/boletim/bol1456/IVAN_DOM.JPG
n10517283_1701 http://www.teo.au.dk/data/24474693/prickettspeaking3lille.jpg
n10517283_1705 http://www.timesonline.co.uk/multimedia/archive/00312/higgins_185x256_312116a.jpg
n10517283_1707 http://www.cnrs.ubc.ca/fileadmin/template/main/images/departments/cners/images/history/bio1_2.jpg
n10517283_1717 http://cps.regis.edu/images/academics/schools/smgt_profile_deemer.jpg
n10517283_1724 http://www.hospitalite.com/Clients/RI/images/Labeaume.jpg
n10517283_1730 https://www.okcu.edu/facstaff/Faculty%202007/Lane_opt.jpeg
n10517283_1734 http://www.farnhamians.org/ofa/GordonWebberley.jpg
n10517283_1739 http://static.guim.co.uk/sys-images/Education/Pix/pictures/2001/10/31/Michael_Howard.jpg
n10517283_1740 http://www.a-star.edu.sg/person/photo/128/JohnBell.jpg
n10517283_1742 http://www.rcog09.com/images/Chervenak%20Frank1.jpg
n10517283_1743 http://news.xinhuanet.com/ziliao/2002-01/30/xinsrc_3fd6fb8dde7811d6b5d400b0d03f0b06.jpg
n10517283_1745 http://www.jornaldoestado.com.br/imagens/colunistas/jader/081124/2.jpg
n10517283_1747 http://johnwatermann.net/yellow/sus.gif
n10517283_1751 https://www.snc.edu/images/people1/full/william.hynes.jpg
n10517283_1756 http://www.cfpmidweek.com/press/images/DrTroyPaino.jpg
n10517283_1761 http://www.qmul.ac.uk/alumni/images/skinner.jpg
n10517283_1764 http://dept.physics.gla.ac.uk/staff/photos/Physics%20and%20Astronomy/JohnBrown.jpg
n10517283_1771 http://valencia.cc.fl.us/west/engineering/images/Dept%20Pictures/hank.jpg
n10517283_1774 http://www.rcog09.com/images/Ali.jpg
n10517283_1781 http://www2.thu.edu.tw/~animal/images/J.jpg
n10517283_1783 http://i.ytimg.com/vi/C8pnQWLwrfM/2.jpg
n10517283_1792 http://www.oxfordradcliffe.nhs.uk/obrc/brcimages/PeterRatcliffeweb.jpg
n10517283_1809 http://wear.io.tudelft.nl/images/members/7.jpg
n10517283_1811 http://www.yorku.ca/yfile/photos/20051026/pearlman.jpg
n10517283_1825 http://web.coehs.siu.edu/Public/kines/images/Phil-10-08.gif
n10517283_1833 http://www.adams.edu/news/img/web-bill-herrmann-4031.jpg
n10517283_1835 https://www.aans.org/annual/meeting_archive/2004/images/Popp_A_New.jpg
n10517283_1839 http://www.chiuni.ac.uk/teachered/images/ChrisGaine.JPG
n10517283_1841 http://www.history.ac.uk/makinghistory/resources/interviews/images/gallery/Kershaw_Ian.jpg
n10517283_1846 http://www.cuh.org.uk/resources/images/cuh/structure/board_members/bobrow_martin_230605.jpg
n10517283_1858 http://www.law.ed.ac.uk/staff/images/cairns.jpg
n10517283_1859 http://www.universitystory.gla.ac.uk/images/UGSP00706_m.jpg
n10517283_1863 https://registrations-online.com/Renal2008/images/Uploaded/Speakers/McCaig,%20C.gif
n10517283_1880 http://www.christs.cam.ac.uk/cms_misc/images/prospective-students/Sedley_David_0905_180px.jpg
n10517283_1886 http://www.depts.ttu.edu/ieweb/images/faculty/deFarias%20small.jpg
n10517283_1887 http://www.medicine.mcgill.ca/physio/images/pastchairs/goltzman.JPG
n10517283_1893 http://www.roe.ac.uk/~al/al-mug-small.jpg
n10517283_1906 http://www.lawrence.edu/news/pubs/lt/spring07/mayr-harting.jpg
n10517283_1908 http://www.div.ed.ac.uk/content/1/c4/08/36/TTorrance_smll.jpg
n10517283_1910 http://www.csonlineunitau.com.br/secom/images/edson.jpg
n10517283_1913 http://mag.udn.com/magimages/24/PROJ_ARTICLE/158_2148/f_58473_1.jpg
n10517283_1916 http://www.afmnet.ca/portrait.html?pid=35
n10517283_1932 http://img236.imageshack.us/img236/16/regisseurmediumph2.jpg
n10517283_1938 http://www.antiquemapsandprints.com/p-12752.jpg
n10517283_1950 http://farm3.static.flickr.com/2027/1625178610_4daf79bbce_o.jpg
n10517283_1961 http://www.universitystory.gla.ac.uk/images/UGSP00185_m.jpg
n10517283_1963 http://nocasinoerie.org/images/grey.jpg
n10517283_1968 http://www.fag.edu.br/imagens/regiss.jpg
n10517283_1970 http://www.bonde.com.br/folha/imgsistema/2005/08/img_foto1723.jpg
n10517283_1972 http://www.law.ed.ac.uk/legaltheory/images/zenon.jpg
n10517283_1975 http://www.gmw.cn/images/2004-08/03/xin_4a040af2afbf486fa2cc9ef3b6427ff7_spcs.jpg
n10517283_1981 http://www.metrohealthresearch.org/images/Miller_Richard.jpg
n10517283_1992 http://weill.cornell.edu/campaign/MilestonesII/images/InfoPlease.jpg
n10517283_1994 http://www.iddd.de/umtsno/emfkrebs/frenzelb.jpg
n10517283_1995 http://www.standpointmag.co.uk/files/Bruce-Boucher.jpg
n10517283_2001 http://www.bmj.com/content/vol321/issue7264/images/small/butter.f1.gif
n10517283_2003 http://www.law.asu.edu/images/News/PressReleases/2006_Press_Releases/MacCormick(1).jpg
n10517283_2004 https://www.corpus.cam.ac.uk/lsm/Images/Ibbetson.jpg
n10517283_2028 http://www.wellesley.edu/PublicAffairs/Profile/gl/lefkowitz.jpg
n10517283_2033 http://img.bimg.126.net/photo/K7VmZUTDsbLZFqjpv5TIRg==/892557151150194654.jpg
n10517283_2034 http://www-bsac.eecs.berkeley.edu/file/face_photo/face_13_1146870388.jpg
n10517283_2036 http://www.abdn.ac.uk/~phy050/cruickshank.jpg
n10517283_2056 http://it.warner.rochester.edu/files/news/images/imageright163x163/lynch.jpg
n10517283_2063 http://www.regis.edu/content/fac/images/mikezizzi.jpg
n10517283_2068 http://www.rcog09.com/images/AT%20-%20photo.jpg
n10517283_2071 http://www.rivier.edu/faculty/vriabov/teaching_files/riabov2.jpg
n10517283_2076 http://www.anglia.ac.uk/ruskin/en/home/microsites/honorary/himsworth.Maincontent.0001.Image.gif
n10517283_2080 http://www.k-state.edu/bchem/img/tr07_sm.jpg
n10517283_2083 http://www.fulcrum-anglican.org.uk/images/2006/davidford.jpg
n10517283_2085 http://img.bimg.126.net/photo/6xy2P-yYS-E30j0aqHAc_g==/2307531859074543709.jpg
n10517283_2089 http://www.alumni.ox.ac.uk/images/listing/1131_Professor_John_Bell.jpg
n10517283_2095 http://www.metrohealth.org/physiciandirectory/Temp/599320107.jpg
n10517283_2118 http://www.ilcc.cc.ia.us/Directories/faculty/berven/lberven.jpg
n10517283_2126 http://www.gla.ac.uk/media/media_51075_en.jpg
n10517283_2128 http://nobelprize.org/nobel_prizes/physics/laureates/1937/thomson.jpg
n10517283_2134 http://www.manresa-canada.ca/lewis.jpg
n10517283_2145 http://euresis.nweb.it/imm_participants/Nancy_Cartwright.jpg
n10517283_2150 http://www.fcihr.ca/prize/wp-content/uploads/2009/05/john-bell-photo.jpg
n10517283_2152 http://www.nanfangdaily.com.cn/zm/20051215/wh/whxw/200512150046_288198.jpg
n10517283_2160 http://www.chem.gla.ac.uk/staff/profiles/graphics/CCW.jpg
n10517283_2162 http://www.pct.edu/pctoday/uploads/1/RegisKohler.jpg
n10517283_2169 http://www.appcluster09.com/images/100588/2009_Images/Bruce_Keogh_resized.jpg
n10517283_2170 http://lib.bisu.edu.cn/fresh/photo/bangongshi1.jpg
n10517283_2172 http://www.timesonline.co.uk/multimedia/archive/00220/goldberg_185x360_220458a.jpg
n10517283_2196 http://www.universitystory.gla.ac.uk/images/UGSP00630_m.jpg
n10517283_2204 http://www.abdn.ac.uk/~phy050/macwilliam.jpg
n10517283_2206 http://www.law.cam.ac.uk/Image/news%20images/dj_ibbetson_cropped.jpg
n10517283_2211 http://www.bartsandthelondon.nhs.uk/ilibrary/william_bulloch.jpg
n10517283_2213 http://www.history.ac.uk/makinghistory/historians/images/profile/Skinner_Quentin.jpg
n10517283_2221 http://bdevoff.balliol.ox.ac.uk/images/fd2004/pelling.jpg
n10517283_2236 http://www.ed.ac.uk/polopoly_fs/1.2343!fileManager/keithpeters.jpg
n10517283_2238 http://tribuna.digi.com.br/fotos/22430.jpg
n10517283_2245 http://www.cpcusociety.org/file_depot/0-10000000/0-10000/3267/folder/77064/ErnieGrecsek.jpg
n10517283_2263 http://www.bris.ac.uk/cms/go/hon-degree/july%2006%20hon%20grad/cms/go/hon-degree/july%2006%20hon%20grad/image/hunt.jpg
n10517283_2274 http://www.physics.bc.edu/Deptsite/img/goldsmith.jpg
n10517283_2276 http://www.hoodlebugbrass.org/uploads/1/7/7/6/1776421/6451975.jpg?278x418
n10517283_2296 http://www-bsac.eecs.berkeley.edu/file/face_photo/face_1093398930_1147106590.jpg
n10517283_2303 http://www.northwestu.edu/media/photos/galleries/standard/070222regius_0886.jpg
n10517283_2306 http://www.ed.ac.uk/explore/av/images/enlight_attwooll.jpg
n10517283_2312 http://www.bachinese.com/forum/attachment/47_124_17c0b9fe6ed00eb.jpg
n10517283_2314 http://pressblog.uchicago.edu/images/070102.mitchell-300.jpg
n10517283_2317 http://www.wrl.org/programs/Concerts%202008-09/Ostroushko_files/paris_lg.jpg
n10517283_2324 http://www.cpcusociety.org/file_depot/0-10000000/0-10000/3267/folder/77064/KentJackson.jpg
n10517283_2325 http://www.appcluster09.com/images/100588/2008_Images/John_Bell.gif
n10517283_2329 http://www.rbge.org.uk/assets/images/about_us/michael_usher.JPG
n10517283_2331 http://freedomeurope.files.wordpress.com/2008/10/quentin_skinner.jpg
n10517283_2336 http://www.cmc.edu/mmca/fn/14/14-07-7.jpg
n10517283_2348 http://www.britac.ac.uk/cmsfiles/assets/8234.jpg
n10517283_2351 http://www.hws.edu/centennial/images/hobart.jpg
n10517283_2357 http://i2.sinaimg.cn/cj/hy/20071227/U1943P31T1D4344182F46DT20071227173409.jpg
n10517283_2367 http://www.a-star.edu.sg/person/photo/72/richardlerner.jpg
n10517283_2368 http://static.guim.co.uk/sys-images/Guardian/Pix/pictures/2009/4/16/1239878417886/Sir-Neil-MacCormick-has-d-001.jpg
n10517283_2373 http://www.sscnet.ucla.edu/history/mellor/mellor2008.JPG
n10517283_2381 http://www.lib.cam.ac.uk/Taylor-Schechter/GF/gifs/gf29eS.gif
n10517283_2382 http://www.jasna.org/agms/chicago/images/selinger.jpg
n10517283_2384 http://www.friendsofnigeria.org/images/Friedlandp7.jpg
n10517283_2388 http://www.ed.ac.uk/polopoly_fs/1.2376!fileManager/michaelanderson.jpg
n10517283_2400 http://macs.sju.edu/faculty/newpix08/ktapp.jpg
n10517283_2405 http://213.155.72.42/bilder/1294-2.jpg
n10517283_2408 http://www.essex.ac.uk/review/99_00/images/podro.jpg
n10517283_2424 http://www.a-star.edu.sg/person/photo/44/blackburn_e.JPG?1206117338
n10517283_2431 http://sms.cam.ac.uk/smsMedia/icon_image/509429
n10517283_2434 http://www.ucs.ed.ac.uk/bits/2008/may_2008/book.swap.2.jpg
n10517283_2440 http://www.law.cam.ac.uk/people/resize.php?picture=cff1000.jpg&amp;type;=tiny-thumb
n10517283_2446 http://imgsrc.baidu.com/baike/pic/item/55a628d16c5d932b9b5027a3.jpg
n10517283_2448 http://www.studyabroadbath.org/Images/ChrisPellingColour.jpg
n10517283_2450 http://static10.photo.sina.com.cn/bmiddle/59f89024t6b7cce9b5609&amp;690
n10517283_2454 http://www.notredamecollege.edu/NDToday/Spring09/images/Graduation09/ProfessorOutside.jpg
n10517283_2469 http://www.staatsoperette-dresden.de/uploads/pics/Maria_Staszak.jpg
n10517283_2472 http://alfafm.ucpel.tche.br/fotos/todagalera_dnovo.jpg
n10517283_2478 http://www.medicine.tcd.ie/surgery/assets/images/mccollum.jpg
n10517283_2482 http://www.appcluster09.com/images/100588/2008_Images/Allyson_Pollock.gif
n10517283_2486 http://www.fits.edu.br/noticias/imgs/not218/DSCN0154.jpg
n10517283_2487 http://www.msmc.la.edu/Images/business_administration/Peter%20Kendall.jpg
n10517283_2489 http://www.nysdental.org/img/general/genco.jpg
n10517283_2498 http://www.rbge.org.uk/assets/images/about_us/Stephen_Blackmore_portrait.jpg
n10517283_2507 http://img.blog.163.com/photo/iBuNUsh0mGyxZqF-F3U_dw==/5080623329628207464.jpg
n10517283_2515 http://www.gerforum.org/images/photos/ward.jpg
n10517283_2516 http://www.luc.edu/home/mainwebpic4.jpg
n10517283_2528 http://www.abdn.ac.uk/~phy050/macleod.jpg
n10517283_2533 http://www.ltfoundation.org/images/ABC.gif
n10517283_2541 http://www.tcd.ie/Law/RonanKeane/RonanKeane.jpg
n10517283_2547 http://www.pdacortex.com/images/Cindy_Palm_m515.jpg
n10517283_2555 http://www.cel.cmich.edu/dha/images/Berkshire-Steven.jpg
n10517283_2556 http://farm5.static.flickr.com/4117/4789010453_3a0a11607e.jpg
n10517283_2563 http://www.uafortsmith.edu/attach/Nursing/BSNFacultyAndStaff/AlesiaDavis.jpg
n10517283_2567 http://www.unicursos.com.br/img/eventos/23_24.jpg
n10517283_2572 http://www.wit.edu/arch/wit_web_site/faculty/people_imges/strong.jpg
n10517283_2575 http://www.ed.ac.uk/polopoly_fs/1.8494!fileManager/090407maccormick.jpg
n10517283_2585 http://cnpic.chinareviewnews.com/upload/200903/2/100902300.jpg
n10517283_2591 http://images.absoluteastronomy.com/images/topicimages/p/pr/professor_chronotis.gif
n10517283_2593 http://www.newn.cam.ac.uk/about/pictures/marionkennedy_small.jpg
n10517283_2597 http://book.people.com.cn/mediafile/200704/27/F200704271017211701821494.jpg
n10517283_2598 http://img.bimg.126.net/photo/xSJn5S26pu29N4lJrpdNvg==/4543850549041121686.jpg
n10517283_2619 http://www.antiquemapsandprints.com/p-3597.jpg
n10517283_2633 http://www.tristate.edu/arts&amp;sciences;/mat/images/bill_barge.jpg
n10517283_2637 http://qt.sun0769.com/Upload/pic/2008105164626810.jpg
n10517283_2638 http://www.skidmore.edu/academics/art/images/faculty/Brodie_Regis.jpg
n10517283_2640 http://www.cbc.ca/quebecvotes2003/features/images/cp_charest_outside_030328.jpg
n10517283_2647 http://www.umassd.edu/cas/economics/images/PicWalgreen.jpg
n10517283_2654 http://www.lidingxin.com/image/cjj.JPG
n10517283_2656 http://news.xinhuanet.com/comments/2005-08/14/xin_2920802140948015796618.jpg
n10517283_2657 http://www.law.utoronto.ca/images/content/faculty/dv07_Rose.jpg
n10517283_2658 http://www.britannica.com/video/thumbs/4730_18.jpg
n10517283_2675 http://farm3.static.flickr.com/2136/2699579603_71c26d0668.jpg
n10517283_2679 http://www.clarehall.cam.ac.uk/typo3temp/pics/6fed8e4f2f.jpg
n10517283_2681 http://www.cartaforense.com.br/img/autor/271.jpg
n10517283_2686 http://qt.sun0769.com/Upload/pic/2008105163232614.jpg
n10517283_2689 http://psi.praeger.com/images/adv_board/lochjohnson_small.jpg
n10517283_2690 http://mag.udn.com/magimages/24/PROJ_ARTICLE/158_2148/f_58470_2.jpg
n10517283_2696 http://www.saxton.com.au/saxton_db_data/images/Biasca_Rod.jpg
n10517283_2704 http://www.see.ed.ac.uk/news/Archive/news103_quentin.jpg
n10517283_2706 http://www.jncc.gov.uk/images/nn12_pentreath.jpg
n10517283_2717 http://www.abanet.org/op/councilondiversity/jcp/04/spkrsjudges/images/app00008.jpg
n10517283_2721 http://www.chinanews.com.cn/cul/news/2009/02-24/U136P4T8D1577072F107DT20090224184935.jpg
n10517283_2731 http://www.law.ruc.edu.cn/Article/UploadFiles/200709/20070921225734711.jpg
n10517283_2734 http://www.history.ac.uk/makinghistory/resources/interviews/images/profile/Daunton_Martin.jpg
n10517283_2736 http://www.westcott.cam.ac.uk/about/images/tutorial/DavidFord.jpg
n10517283_2765 http://www.dovmedia.org/resources/DavidFord.jpg
n10517283_2767 http://www.eurothyroid.com/met/pics/alexander.jpg
n10517283_2773 http://denning.law.ox.ac.uk/images/facultyphotos/sirks_boudewijn.jpg
n10517283_2799 http://www.essex.ac.uk/review/99_00/images/newby.jpg
n10517283_2802 http://www.medicine.tcd.ie/surgery/assets/images/kinnear.jpg
n10517283_2804 http://pic.hongdou.gxnews.com.cn/picwater_bbs/2009/06/23/b/422cd9e08346fd1c9f6ac508712f68a9_906070.jpg
n10517283_2817 http://www.acsh.org/imgLib/20050307_doll_peto.jpg
n10517283_2821 http://www.admin.cam.ac.uk/news/resources/2008062001.jpeg
n10517283_2824 http://www.revolution9.com.br/FOTOS/SARAIVA/11-02-07/ARLENE.jpg
n10517283_2826 http://www.bmus.org/about-ultrasound/slide06a.jpg
n10517283_2827 http://www.clarehall.cam.ac.uk/typo3temp/pics/3ad4bc7e3a.jpg
n10517283_2838 http://www.abdn.ac.uk/staffpages/uploads/enl027/dhewitt.jpg
n10517283_2839 http://whoville.ucsd.edu/bob/ProfClark.jpg
n10517283_2871 http://www.fom.gla.ac.uk/research/staffimg/110375.jpg
n10517283_2873 http://www.acmedsci.ac.uk/images/page/3honfell.jpg
n10517283_2875 http://www.timesonline.co.uk/multimedia/archive/00517/MACCORMICK_185_517628a.jpg
n10517283_2881 http://www.universitystory.gla.ac.uk/images/UGSP00708_m.jpg
n10517283_2889 http://www.rsc.org/ej/CC/2009/b821336d/b821336d-p4.gif
n10517283_2899 http://www.bgsu.edu/images/cas/img36180.jpg
n10517283_2901 http://archive.ely.anglican.org/people/sykes2.jpeg
n10517283_2903 http://www.fmap.archives.gla.ac.uk/Images/Profs/watson_small.jpg
n10517283_2907 http://academic.regis.edu/cat/socialbusiness/0302%20bruce%20hutton.jpg
n10517283_2911 http://www.orinst.ox.ac.uk/images/staff/hjs/hwilliamson.jpg
n10517283_2916 http://www.adressa.no/multimedia/dynamic/01142/KaareGisvold14_1142240k.jpg
n10517283_2918 http://onter.net/art/gallagher.jpg
n10517283_2927 http://img.bimg.126.net/photo/xmbRu_j43FhtNACLubTLUA==/5389401379079924324.jpg
n10517283_2930 http://www.spokesmanreview.com/blogs/journey/media/r_tonysoprano.jpg
n10517283_2945 http://buscatextual.cnpq.br/buscatextual/servletrecuperafoto?id=K4766992E6
n10517283_2947 https://www.law.utoronto.ca/images/content/faculty/dv07_bird.jpg
n10517283_2958 http://www.st-edmunds.cam.ac.uk/faraday/images/Keith_Ward.jpg
n10517283_2960 http://websiterepository.ed.ac.uk/explore/people/honorary/images/06nanshan.jpg
n10517283_2963 http://www.monitorcliniciansconference2009.co.uk/lee.gif
n10517283_2970 http://websiterepository.ed.ac.uk/explore/people/honorary/images/05kmason.jpg
n10517283_2978 http://www2.bc.edu/%7Erappleb/kingsley/KMartin3small.jpg
n10517283_2991 http://www.nazcaresources.com/Translator.jpg
n10517283_3015 http://www.med.yale.edu/neurosur/resources/images/piepmeier.jpg
n10517283_3025 http://www.independent.co.uk/multimedia/archive/00023/higgins_23182t.jpg
n10517283_3030 http://www.northwestu.edu/passages/images/chad_family.jpg
n10517283_3035 http://www.rcog09.com/images/ED%204.jpg
n10517283_3036 http://4.bp.blogspot.com/_79QSz26Rsqc/RehXPF9xTFI/AAAAAAAAABs/xC21Byou0dA/s320/Prof%2520Denys%2520Brunsden%2520at%2520JCWHS%2520annual%2520seminar.JPG
n10517283_3037 http://individual.utoronto.ca/jskira/images/jzs-Regis2006.jpg
n10517283_3042 http://www.re-imagining-ireland.org/_images/photos/bio_gibbons_luke.jpg
n10517283_3046 http://www.sante.uottawa.ca/images/40%20L.%20Tremblay.JPG
n10517283_3048 http://www.hendrix.edu/uploadedImages/Hendrix_Murphy_Programs/binnie_trans0809200.jpg
n10517283_3049 http://www.universitystory.gla.ac.uk/images/UGSP00863_s.jpg
n10517283_3060 http://www.cerc.gc.ca/images/selection/Bell3.jpg
n10517283_3062 http://news.bbc.co.uk/olmedia/1390000/images/_1391026_wilson150.jpg
n10517283_3066 http://www.eveningtimes.co.uk/_images/misc/graphics/clubs/rice1.jpg
n10517283_3068 http://www.abdn.ac.uk/~phy050/malcolm.jpg
n10517283_3069 http://www.tcd.ie/provost/images/e_gwynn_lrg.jpg
n10517283_3073 http://www.spectator.co.uk/blogs/media//Image/Richard%20Dawkins.jpg
n10517283_3080 http://upload.wikimedia.org/wikipedia/commons/thumb/9/9e/Bryanronaldwilson.jpg/180px-Bryanronaldwilson.jpg
n10517283_3082 http://webapps.jhu.edu/jhuniverse/information_about_hopkins/about_jhu/chronology/images/agre.jpg
n10517283_3089 http://www.3four50.com/v2/_images/_interview_images/wald.jpg
n10517283_3102 http://www.addenbrookes.org.uk/resources/images/news/prof_sissons_350.jpg
n10517283_3105 http://files.ajgoddard.webnode.com/system_preview_small_200000237-799727a915/mcinerny.jpg
n10517283_3106 http://www.talentscotland.com/uploads/3974/Andy%20Rees.jpg
n10517283_3107 http://www.baylor.edu/content/imglib/16493.jpg
n10517283_3113 http://i3.ytimg.com/vi/RTuY10YHQh4/default.jpg
n10517283_3115 http://www.massinsight.org/images/editor/Khanna.jpg
n10517283_3119 http://www.ox.ac.uk/news/graphics/2005-06/dec/01a.jpg
n10517283_3125 http://www.humanitas.ro/files/author/photo/chadwick-henry.jpg
n10517283_3128 http://www.abdn.ac.uk/~phy050/kidd.jpg
n10517283_3129 http://www.ochjs.ac.uk/images/millar_001.jpg
n10517283_3131 http://denverptis.com/site_images/Kevin%203d%20picture.jpg
n10517283_3134 http://www.mcdaniel.edu/eng_panek.jpg
n10517283_3137 https://christendom.edu/images/news/Martin-Regis.jpg
n10517283_3142 http://www.addenbrookes.org.uk/resources/images/news/2005/e10_opening_280905.jpg
n10517283_3144 http://www.medicine.tcd.ie/surgery/assets/images/hennessy.jpg
n10517283_3148 http://www.timesonline.co.uk/multimedia/archive/00088/obits_1_88665a.jpg
n10517283_3149 http://www.law.columbia.edu/ipimages/Communications/Press%20Releases%2008/Persily_10.07.08_0073.jpg
n10517283_3150 http://www.wheaton.edu/Theology/Images/husbands.jpg
