n10784922_25 http://boyer.uark.edu/boyer_advisor.jpg
n10784922_71 http://www.nwtc.edu/SiteCollectionImages/170x83/Admissions/Registration.jpg
n10784922_72 http://www.stkate.edu/~mlisweb/images/forms.jpg
n10784922_92 http://www.csus.edu/registrar/images/counter_gino_std.jpg
n10784922_165 http://www.law.seattleu.edu/images/faculty/profiles/lopezf.jpg
n10784922_173 http://www.tylertech.com/portals/0/StudentRegistration.jpg
n10784922_288 http://i72.photobucket.com/albums/i191/hissyspit/DC%20Protest%2019%20March%202008/ProtestPhoto8.jpg
n10784922_289 http://www.sfa.ufl.edu/images/studentsonbest.jpg
n10784922_392 http://www.mdx.ac.uk/24-7/images/SA005.jpg
n10784922_447 http://www.mesastate.edu/images/students/students_08_016.JPG
n10784922_481 http://www.gradschool.unh.edu/images/classro.jpg
n10784922_501 http://farm4.static.flickr.com/3066/2384105649_63d6fbe11a.jpg
n10784922_562 http://www.artinstitutes.edu/charlotte/images/financialaid/sfs_charlotte6.jpg
n10784922_580 http://www.artinstitutes.edu/saltlakecity/images/financialaid/sfs_saltlakecity7.jpg
n10784922_631 http://www.uwec.edu/dos/Parents/Nuggets/images/Pictures%20April/student3.jpg
n10784922_640 http://students.asu.edu/files/images/content-misc16.jpg
n10784922_680 http://www.fcim.edu/images/kufuclass.jpg
n10784922_708 http://dspace.dial.pipex.com/town/walk/gda64/ms_news/boy_with_drawer.jpg
n10784922_728 http://housing.appstate.edu/images/filecabinet/folder3/class01.jpg
n10784922_775 http://www.unity.edu.my/v9.1/International%20Students/images/inter%20copy.gif
n10784922_777 http://www.indybay.org/uploads/admin_uploads/2007/05/17/ashley_5-16-07.jpg
n10784922_796 http://www.liv.ac.uk/students/student-administration-centre/images-sac/student-register-online.jpg
n10784922_799 http://www.matamatacollege.school.nz/images/int_students.jpg
n10784922_817 http://www.artinstitutes.edu/york/images/financialaid/sfs_york7.jpg
n10784922_940 http://www.ccp.edu/site/academic/departments/counseling/counsel.jpg
n10784922_945 http://www.yarram-ps.vic.edu.au/yarramps-userfiles/image/computer-room.jpg
n10784922_1123 http://ssimphal.nic.in/Images/facilities.jpg
n10784922_1266 http://2.bp.blogspot.com/_z7EgmP1awV4/RhM4poFKF8I/AAAAAAAAAoI/sQfy-7Ce6S4/s400/viewphoto.jpg
n10784922_1296 http://www.saintpiusx.school.nz/process_file_from_database.php?rec_id=stpiusxpanmure_pub:571
n10784922_1367 http://www.southernct.edu/grad/uploads/textWidget/wysiwyg/images/2132/scsu7.jpg
n10784922_1450 http://www.lehman.edu/lehman/grad-studies/images/photo-01.jpg
n10784922_1458 http://www.gieu.umich.edu/images/UM_08.jpg
n10784922_1546 http://www.firstnationsuniversity.ca/files/Image/outsidestudent.jpg
n10784922_1607 http://images.desjardins.com/pict/1d03_epargnes.jpg
n10784922_1612 http://blog.mlive.com/grpress/2008/04/1horizons-teacher.jpg
n10784922_1626 http://blog.mlive.com/annarbornews/2008/05/large_050908martin.jpg
n10784922_1757 http://www.gsu.edu/images/IST/marta_rdax_205x136_100.jpg
n10784922_1794 http://rathmell-lab.duhs.duke.edu/Lab%20Photos/Brian.jpg
n10784922_1831 http://www.meadowridge.bc.ca/galleries/00019/_MG_0884_249.JPG
n10784922_1928 http://www.cte.ku.edu/teachingAtKU/policiesProcedures/misconduct/images/19293560.jpg
n10784922_2062 http://www.gcsu.edu/GCSU/images/registrar/_DSC6243.jpg
n10784922_2181 http://www.cte.ku.edu/teachingAtKU/policiesProcedures/studentInfo/images/Privacy.jpg
n10784922_2252 http://www.artinstitutes.edu/tampa/images/financialaid/sfs_tampa7.jpg
n10784922_2293 http://www.cofo.edu/images/current.jpg
n10784922_2295 http://www.ltu.edu/cm/attach/305B0A48-13C6-4F11-81A0-7A4DD440075B/studentinlibrary.jpg
n10784922_2326 http://www.mountainlaurelmontessori.org/images/349_Lucas_Ball_with_Drawer.jpg
n10784922_2349 http://www.srhs.net/img/girl_t.png
n10784922_2379 http://www.nccvotech.com/images/200_1.jpg
n10784922_2408 http://imgs.sfgate.com/c/pictures/2008/02/13/mn_marines13_173_kk.jpg
n10784922_2431 http://www.english-in-action.org/webpac_content/en/site-info/terms-and-conditions/images/object/tandc.jpg
n10784922_2464 http://www.thejibsheet.com/wp-content/uploads/2009/08/100_0943.jpg
n10784922_2597 http://www.as.bham.ac.uk/shared/shared_rootsite/UniversityImages/Standard_Images/StudentLife/General/dp-0-0705-181-sgen.jpg
n10784922_2625 http://www.austin.cc.tx.us/newsroom/wp-content/uploads/2007/08/physics-class.jpg
n10784922_2651 http://learnftcc.com/images/refundpic.jpg
