n12970193_13 http://upload.wikimedia.org/wikipedia/commons/thumb/3/30/Agaricales.jpg/250px-Agaricales.jpg
n12970193_135 http://www.ausemade.com.au/fauna-flora/flora/fungi/basidiomycota/basidiomycetes/podaxales/podaxaceae/podaxis/p-pistillaris/images/0705260055.jpg
n12970193_232 http://upload.wikimedia.org/wikipedia/commons/thumb/5/50/Pleurotus_ostreatus_1.JPG/180px-Pleurotus_ostreatus_1.JPG
n12970193_270 http://www.ausemade.com.au/fauna-flora/flora/fungi/basidiomycota/basidiomycetes/podaxales/podaxaceae/podaxis/p-pistillaris/images/0708163801.jpg
n12970193_310 http://upload.wikimedia.org/wikipedia/commons/thumb/a/a9/Boletus_aereus_IT.JPG/180px-Boletus_aereus_IT.JPG
n12970193_369 http://upload.wikimedia.org/wikipedia/commons/thumb/8/82/Morchella_conica_1_beentree.jpg/180px-Morchella_conica_1_beentree.jpg
n12970193_434 http://upload.wikimedia.org/wikipedia/commons/thumb/a/af/Perlpilz.jpg/180px-Perlpilz.jpg
n12970193_511 http://upload.wikimedia.org/wikipedia/commons/thumb/f/f2/Scleroderma_citrinum_1.jpg/180px-Scleroderma_citrinum_1.jpg
n12970193_594 http://upload.wikimedia.org/wikipedia/commons/thumb/d/d4/Russula.emetica.-.lindsey.jpg/180px-Russula.emetica.-.lindsey.jpg
n12970193_724 http://upload.wikimedia.org/wikipedia/commons/thumb/f/fa/Tricholoma_terreum_20061105wa.jpg/180px-Tricholoma_terreum_20061105wa.jpg
n12970193_731 http://upload.wikimedia.org/wikipedia/commons/thumb/3/37/Agaricus_augustus.jpg/260px-Agaricus_augustus.jpg
n12970193_860 http://upload.wikimedia.org/wikipedia/commons/thumb/6/63/Sparassis.crispa.-.lindsey.jpg/180px-Sparassis.crispa.-.lindsey.jpg
n12970193_960 http://upload.wikimedia.org/wikipedia/commons/thumb/f/f7/Amanita_caesarea.JPG/150px-Amanita_caesarea.JPG
n12970193_966 http://upload.wikimedia.org/wikipedia/commons/thumb/8/89/Lactarius_deliciosus.jpg/180px-Lactarius_deliciosus.jpg
n12970193_1011 http://upload.wikimedia.org/wikipedia/commons/thumb/b/b9/Ramaria.gracilis.-.lindsey.jpg/180px-Ramaria.gracilis.-.lindsey.jpg
